#airframe_info,log_version="1.00",log_content_version="1.02",product="GDU 460",aircraft_ident="N430WB",unit_software_part_number="006-B1727-2L",product="GDU 460",software_version="9.00",system_id="60002EB05E7DB",unit="PFD1",airframe_hours="149.6",engine_hours="149.6"
Date (yyyy-mm-dd),Time (hh:mm:ss),UTC Time (hh:mm:ss),UTC Offset (hh:mm),Latitude (deg),Longitude (deg),GPS Altitude (ft),GPS Fix Status,GPS Time of Week (sec),GPS Ground Speed (kt),GPS Ground Track (deg),GPS Velocity E (m/sec),GPS Velocity N (m/sec),GPS Velocity U (m/sec),Magnetic Heading (deg),GPS PDOP,GPS Sats,Pressure Altitude (ft),Baro Altitude (ft),Vertical Speed (ft/min),Indicated Airspeed (kt),True Airspeed (kt),Pitch (deg),Roll (deg),Lateral Acceleration (G),Normal Acceleration (G),AOA Cp,AOA,Selected Heading (deg),Selected Altitude (ft),Selected Vertical Speed (ft/min),Selected Airspeed (kt),Baro Setting (inch Hg),COM Frequency (MHz),Active Nav Source,Nav Annunciation,Nav Identifier,Nav Distance (nm),Nav Bearing (deg),Nav Course (deg),Nav Cross Track Distance (nm),Horizontal CDI Deflection,Horizontal CDI Full Scale (ft),Horizontal CDI Scale,Vertical CDI Deflection,Vertical CDI Full Scale (ft),VNAV CDI Deflection,VNAV Altitude (ft),Autopilot State,FD Lateral Mode,FD Vertical Mode,FD Roll Command (deg),FD Pitch Command (deg),FD Altitude (ft),AP Roll Command (deg),AP Pitch Command (deg),AP VS Command (ft/min),AP Altitude Command (ft),AP Roll Torque (%),AP Pitch Torque (%),AP Roll Trim Motor,AP Pitch Trim Motor,Magnetic Variation (deg),Outside Air Temp (deg C),Density Altitude (ft),Height Above Ground (ft),Wind Speed (kt),Wind Direction (deg),AHRS Status,AHRS Dev (%),Magnetometer Status,Network Status,Transponder Code,Transponder Mode,Oil Temp (deg F),Fuel L Qty (gal),Fuel R Qty (gal),Fuel Press (PSI),Oil Press (PSI),RPM,Manifold Press (inch Hg),Volts,Alt Amps,Amps,Fuel Flow (gal/hour),Elevator Trim,Aileron Trim,FP,GP4,GP5,CHT1 (deg F),CHT2 (deg F),CHT3 (deg F),CHT4 (deg F),EGT1 (deg F),EGT2 (deg F),EGT3 (deg F),EGT4 (deg F),CARBON MONOX (discrete),Engine Power (%),CAS Alert,Terrain Alert,Engine 1 Cycle Count
Lcl Date,Lcl Time,UTC Time,UTCOfst,Latitude,Longitude,AltGPS,GPSfix,,GndSpd,TRK,GPSVelE,GPSVelN,GPSVelU,HDG,PDOP,,AltP,AltInd,VSpd,IAS,TAS,Pitch,Roll,LatAc,NormAc,,AOA,SelHDG,SelALT,SelVSpd,SelIAS,Baro,COM1,NavSrc,,NavIdent,NavDist,NavBrg,NavCRS,NavXTK,HCDI,,,VCDI,,VNAV CDI,VNAVAlt,,,,,,,,,,,,,,,MagVar,OAT,AltD,AGL,WndSpd,WndDr,,,,,,,E1 OilT,FQty1,FQty2,E1 FPres,E1 OilP,E1 RPM,E1 MAP,Volts1,Amps1,Amps2,E1 FFlow,PTrim,RTrim,,,,E1 CHT1,E1 CHT2,E1 CHT3,E1 CHT4,E1 EGT1,E1 EGT2,E1 EGT3,E1 EGT4,,E1 %Pwr,,,
2022-02-27,12:11:34,20:11:34,-08:00,+37.5094940,-122.4915046,60,3D-,72712.4,0.0,,0,0,0.10,,1.2,9,-392,-8,44,5.8,4,,,-0.027,0.974,+1.660,,154,,,,30.34,,GPS1,,,,,,,,,ENR,,,,,Powerup,,,,,,,,,,,,,,-13.2,18.4,-89,,,,081001F8 A26 A26,33,,,,,89,17,15,30.1,16,1460,23.3,12.2,0,6,2.7,-13,27,,0.00,0.01,165,162,162,162,410,430,415,460,0,23,,,101
2022-02-27,12:11:35,20:11:35,-08:00,+37.5094614,-122.4915296,24,3D (SFD1),72695.2,0.0,,0,-0,0.06,,1.2,10,-390,-7,74,9.1,8,,,0.010,0.988,+1.617,,154,,,,30.34,,GPS1,,,,,,,,,ENR,,,,,Powerup,,,,,,,,,,,,,,-13.2,18.4,-87,,,,081001F8 A28 A28,32,,L+,,,89,17,15,30.2,26,1640,21.2,12.2,0,6,3.1,-13,27,,0.00,0.01,166,163,163,163,555,560,550,585,0,24,,,101
2022-02-27,12:11:36,20:11:36,-08:00,+37.5094605,-122.4915281,24,3D (SFD1),72696.2,0.0,,0,-0,0.02,,1.2,10,-388,-5,91,7.5,7,,,-0.002,0.976,+1.537,,154,,,,30.34,,GPS1,,,,,,,,,ENR,,,,,Powerup,,,,,,,,,,,,,,-13.2,18.4,-85,,,,081001F8 A29 A29,33,,,,,89,17,15,30.2,46,1710,18.6,12.3,0,6,3.5,-13,27,,0.00,0.01,167,164,164,164,700,700,690,720,0,27,,,101
2022-02-27,12:11:37,20:11:37,-08:00,+37.5094590,-122.4915320,26,3D (SFD1),72697.2,0.0,,0,-0,-0.05,,1.2,10,-387,-3,67,7.2,7,,,0.029,0.973,+1.259,,154,,,,30.34,,GPS1,,,,,,,,,ENR,,,,,Powerup,,,,,,,,,,,,,,-13.2,18.4,-82,,,,081001F8 A32 A32,30,,,1200,ALT,90,17,15,30.2,61,1730,17.1,12.4,0,6,3.7,-13,27,,0.00,0.01,168,165,165,165,810,800,795,815,0,30,,,101
2022-02-27,12:11:38,20:11:38,-08:00,+37.5094573,-122.4915304,27,3D (SFD1),72698.2,0.0,,0,-0,-0.05,,1.2,10,-386,-2,83,8.8,8,,,0.013,0.963,+0.990,,154,,,,30.34,122.800,GPS1,,,,,,,,,ENR,,,,,Powerup,,,,,,,,,,,,,,-13.2,18.4,-82,,,,081001F8 A34 A34,36,,,1200,ALT,90,17,15,30.5,73,1730,16.2,12.4,0,6,3.7,-13,27,,0.00,0.01,170,166,167,166,905,890,895,910,0,31,,,101
2022-02-27,12:11:39,20:11:39,-08:00,+37.5094646,-122.4915272,25,3D (SFD1),72699.2,0.0,,0,-0,0.08,,1.2,10,-385,-1,65,11.5,11,,,-0.001,0.992,+0.875,,154,,,,30.34,122.800,GPS1,,,,,,,,,ENR,,,,,Powerup,,,,,,,,,,,,,,-13.2,18.4,-81,,,,081101F8 A36 A36,38,,,1200,ALT,91,17,15,30.5,79,1730,15.7,12.4,0,6,3.8,-13,27,,0.00,0.01,172,168,168,168,985,965,965,985,0,32,,,101
2022-02-27,12:11:40,20:11:40,-08:00,+37.5094670,-122.4915294,26,3D (SFD1),72700.2,0.0,,0,-0,0.04,,1.2,10,-386,-1,2,7.5,7,,,-0.011,0.966,+0.779,,154,,,,30.34,122.800,GPS1,,,,,,,,,ENR,,,,,Fail / Servo communication fault / 00000001 00000000,,,,,,,,,,,,,,-13.2,18.3,-81,,,,081101F8 A38 A38,35,,,1200,ALT,91,17,15,30.6,82,1730,15.5,12.4,0,6,3.8,-13,27,,0.00,0.01,173,169,169,169,1040,1015,1015,1035,0,32,,,101
2022-02-27,12:11:41,20:11:41,-08:00,+37.5094681,-122.4915271,21,3D (SFD1),72701.2,0.0,,0,-0,-0.07,,1.6,10,-386,-1,-5,10.5,10,,,0.004,0.970,+0.696,,154,,,,30.34,122.800,GPS1,,,,,,,,,ENR,,,,,Fail,,,,,,,,,,,,,,-13.2,18.3,-82,,,,081101F8 A41 A41,30,,,1200,ALT,91,17,15,30.7,83,1740,15.4,12.4,0,6,3.8,-13,27,,0.00,0.01,175,170,171,170,1090,1060,1065,1080,0,32,,,101
2022-02-27,12:11:42,20:11:42,-08:00,+37.5094597,-122.4915359,23,3D (SFD1),72702.2,0.1,,0,-0,-0.02,,1.2,10,-386,-1,-14,12.0,12,,,-0.012,0.972,+0.702,,154,,,,30.34,122.800,GPS1,,,,,,,,,ENR,,,,,Fail,,,,,,,,,,,,,,-13.2,18.3,-83,,,,081101F8 A43 A43,37,,,1200,ALT,91,17,15,30.6,84,1740,15.4,12.4,0,6,3.8,-13,27,,0.00,0.01,176,172,172,172,1125,1100,1100,1115,0,32,,,101
2022-02-27,12:11:43,20:11:43,-08:00,+37.5094677,-122.4915323,19,3D (SFD1),72703.2,0.0,,0,-0,0.04,,1.2,10,-386,-1,-2,11.5,11,,,-0.001,0.972,+0.735,,154,,,,30.34,122.800,GPS1,,,,,,,,,ENR,,,,,Fail,,,,,,,,,,,,,,-13.2,18.3,-83,,,,081101F8 A45 A45,34,,,1200,ALT,91,17,15,30.6,85,1740,15.3,12.4,0,6,3.7,-13,27,,0.00,0.01,178,173,174,173,1150,1125,1125,1140,0,32,,,101
2022-02-27,12:11:44,20:11:44,-08:00,+37.5094723,-122.4915276,22,3D (SFD1),72704.2,0.0,,0,-0,-0.00,,1.2,10,-386,-1,14,14.0,14,,,0.030,0.957,+0.776,,154,,,,30.34,122.800,GPS1,,,,,,,,,ENR,,,,,Fail,,,,,,,,,,,,,,-13.2,18.3,-85,,,,081101F8 A47 A47,39,,,1200,ALT,92,17,15,30.6,85,1740,15.3,12.4,0,6,3.6,-13,27,,0.00,0.01,179,174,175,174,1175,1150,1150,1170,0,31,,,101
2022-02-27,12:11:45,20:11:45,-08:00,+37.5094693,-122.4915361,28,3D (SFD1),72705.2,0.1,,0,-0,-0.10,,1.2,10,-387,-1,-8,13.1,13,,,-0.008,0.976,+0.810,,154,,,,30.34,122.800,GPS1,,,,,,,,,ENR,,,,,Fail,,,,,,,,,,,,,,-13.2,18.3,-86,,,,081101F8 A49 A49,34,,,1200,ALT,92,17,15,30.8,85,1740,15.3,12.4,0,6,3.7,-13,27,,0.00,0.01,181,176,177,176,1195,1165,1165,1185,0,31,,,101
2022-02-27,12:11:46,20:11:46,-08:00,+37.5094732,-122.4915316,21,3D (SFD1),72706.2,0.0,,0,-0,0.11,,1.2,10,-386,-1,20,12.4,12,,,-0.028,0.972,+0.849,,154,,,,30.34,122.800,GPS1,,,,,,,,,ENR,,,,,Fail,,,,,,,,,,,,,,-13.2,18.3,-87,,,,081101F8 A52 A52,42,,,1200,ALT,92,17,15,30.7,85,1740,15.3,12.4,0,6,3.7,-13,27,,0.00,0.01,182,177,178,177,1210,1180,1180,1200,0,31,,,101
2022-02-27,12:11:47,20:11:47,-08:00,+37.5095036,-122.4915084,59,3D,72725.2,0.0,,0,0,0.00,,1.2,9,-385,-0,30,12.2,12,,,0.011,0.975,+0.880,,154,,,,30.34,122.800,GPS1,,,,,,,,,ENR,,,,,Fail,,,,,,,,,,,,,,-13.2,18.3,-86,,,,080001F8 A53 A53,38,,,1200,ALT,92,17,15,30.8,85,1750,15.3,12.4,0,6,3.7,-13,27,,0.00,0.01,184,178,179,179,1225,1190,1190,1210,0,31,,,101
2022-02-27,12:11:48,20:11:48,-08:00,+37.5095044,-122.4915080,59,3D,72726.2,0.0,,0,0,0.00,,1.2,9,-386,-0,-7,11.2,11,,,-0.016,0.968,+0.905,,154,,,,30.34,122.800,GPS1,,,,,,,,,ENR,,,,,Fail,,,,,,,,,,,,,,-13.2,18.3,-87,,,,040001F8 A56 A56,33,,,1200,ALT,92,17,15,30.7,85,1750,15.3,12.5,0,6,3.7,-13,27,,0.00,0.01,185,180,181,180,1235,1200,1200,1220,0,32,,,101
2022-02-27,12:11:49,20:11:49,-08:00,+37.5095050,-122.4915079,59,3D,72727.2,0.0,,0,0,0.00,,1.2,9,-386,-1,-1,9.8,10,,,-0.007,0.992,+0.922,,154,,,,30.34,122.800,GPS1,,,,,,,,,ENR,,,,,Fail,,,,,,,,,,,,,,-13.2,18.3,-89,,,,040001F8 A59 A59,37,,,1200,ALT,93,17,15,30.7,85,1750,15.3,12.5,0,6,3.7,-13,27,,0.00,0.01,187,181,182,181,1240,1205,1210,1225,0,32,,,101
2022-02-27,12:11:50,20:11:50,-08:00,+37.5095052,-122.4915077,58,3D,72728.2,0.0,,0,0,-0.00,,1.2,9,-386,-1,19,12.9,13,,,0.017,0.967,+0.908,,154,,,,30.34,122.800,GPS1,,,,,,,,,ENR,,,,,Fail,,,,,,,,,,,,,,-13.2,18.3,-90,,,,040001F8 A61 A61,37,,,1200,ALT,93,17,15,30.8,85,1750,15.3,12.5,0,6,3.7,-13,27,,0.00,0.01,188,183,184,183,1250,1215,1215,1235,0,32,,,101
2022-02-27,12:11:51,20:11:51,-08:00,+37.5095054,-122.4915076,58,3D,72729.2,0.0,,0,0,0.00,,1.2,9,-385,-0,28,12.0,12,,,-0.019,0.964,+0.906,,154,,,,30.34,122.800,GPS1,,,,,,,,,ENR,,,,,Fail,,,,,,,,,,,,,,-13.2,18.3,-90,,,,040001F8 A63 A63,46,,,1200,ALT,93,17,15,30.8,85,1750,15.3,12.5,0,6,3.7,-13,27,,0.00,0.01,190,184,185,184,1255,1225,1225,1240,0,32,,,101
2022-02-27,12:11:52,20:11:52,-08:00,+37.5095056,-122.4915071,58,3D,72730.2,0.0,,0,0,0.00,,1.2,9,-386,-0,-10,10.4,10,,,0.012,0.989,+0.940,,154,,,,30.34,122.800,GPS1,,,,,,,,,ENR,,,,,Fail,,,,,,,,,,,,,,-13.2,18.3,-91,,,,040001F8 A66 A66,45,,,1200,ALT,93,17,15,30.8,85,1750,15.3,12.5,0,6,3.6,-13,27,,0.00,0.01,191,185,186,185,1260,1225,1225,1245,0,31,,,101
2022-02-27,12:11:53,20:11:53,-08:00,+37.5095056,-122.4915067,58,3D,72731.3,0.0,,0,0,0.00,,1.2,9,-387,-1,-32,8.9,8,,,-0.005,0.960,+0.976,,154,,,,30.34,122.800,GPS1,,,,,,,,,ENR,,,,,Fail,,,,,,,,,,,,,,-13.2,18.2,-93,,,,040001F8 A69 A69,41,,,1200,ALT,93,17,15,31.0,85,1750,15.3,12.5,0,6,3.6,-13,27,,0.00,0.01,192,186,188,187,1265,1235,1230,1250,0,31,,,101
2022-02-27,12:11:54,20:11:54,-08:00,+37.5095058,-122.4915068,58,3D,72732.2,0.0,,0,0,0.00,,1.6,9,-387,-1,-32,11.0,11,,,0.000,0.984,+1.032,,154,,,,30.34,122.800,GPS1,,,,,,,,,ENR,,,,,Fail,,,,,,,,,,,,,,-13.2,18.2,-95,,,,040001F8 A72 A72,42,,,1200,ALT,94,17,15,30.9,85,1750,15.3,12.5,0,6,3.6,-13,27,,0.00,0.01,194,188,189,188,1270,1240,1235,1250,0,31,,,101
2022-02-27,12:11:55,20:11:55,-08:00,+37.5095057,-122.4915069,58,3D,72733.2,0.0,,0,0,0.00,,1.6,9,-386,-2,23,12.3,12,,,0.004,0.962,+1.056,,154,,,,30.34,122.800,GPS1,,,,,,,,,ENR,,,,,Fail,,,,,,,,,,,,,,-13.2,18.2,-96,,,,040001F8 A74 A74,39,,,1200,ALT,94,17,15,30.7,85,1750,15.3,12.5,0,6,3.6,-13,27,,0.00,0.01,195,189,191,190,1275,1245,1240,1255,0,31,,,101
2022-02-27,12:11:56,20:11:56,-08:00,+37.5095055,-122.4915069,57,3D,72734.2,0.0,,0,0,0.00,,1.6,9,-387,-2,24,9.2,9,,,-0.022,1.002,+1.043,,154,,,,30.34,122.800,GPS1,,,,,,,,,ENR,,,,,Fail,,,,,,,,,,,,,,-13.2,18.2,-97,,,,040001F8 A77 A77,39,,,1200,ALT,94,17,15,30.7,85,1750,15.3,12.5,0,6,3.6,-13,27,,0.00,0.01,197,191,192,191,1280,1250,1245,1260,0,30,,,101
2022-02-27,12:11:57,20:11:57,-08:00,+37.5095058,-122.4915067,57,3D,72735.3,0.0,,0,0,0.00,,1.2,9,-386,-1,47,11.7,11,,,0.037,0.977,+1.026,,154,,,,30.34,122.800,GPS1,,,,,,,,,ENR,,,,,Fail,,,,,,,,,,,,,,-13.2,18.2,-98,,,,040001F8 A79 A79,43,,,1200,ALT,94,17,15,31.0,85,1760,15.3,12.5,0,6,3.6,-13,27,,0.00,0.01,198,192,194,193,1285,1255,1245,1265,0,30,,,101
2022-02-27,12:11:58,20:11:58,-08:00,+37.5095059,-122.4915069,57,3D,72736.2,0.0,,0,0,0.00,,1.2,9,-384,0,61,12.0,12,,,-0.017,0.963,+0.979,,154,,,,30.34,122.800,GPS1,,,,,,,,,ENR,,,,,Fail,,,,,,,,,,,,,,-13.2,18.2,-98,,,,040001F8 A82 A82,40,,,1200,ALT,94,17,15,31.2,85,1760,15.3,12.5,0,6,3.6,-13,27,,0.00,0.01,200,193,195,194,1285,1260,1250,1270,0,30,,,101
2022-02-27,12:11:59,20:11:59,-08:00,+37.5095062,-122.4915072,57,3D,72737.2,0.0,,0,0,0.00,,1.2,9,-383,1,17,13.3,13,,,-0.045,0.995,+0.874,,154,,,,30.34,122.800,GPS1,,,,,,,,,ENR,,,,,Fail,,,,,,,,,,,,,,-13.2,18.2,-98,,,,040001F8 A85 A85,45,,,1200,ALT,94,17,15,31.3,85,1760,15.3,12.5,0,6,3.6,-13,27,,0.00,0.01,201,195,196,195,1290,1265,1255,1270,0,30,,,101
2022-02-27,12:12:00,20:12:00,-08:00,+37.5095064,-122.4915070,57,3D,72738.2,0.0,,0,0,0.00,,1.2,9,-387,0,-20,11.7,12,,,-0.024,0.970,+0.154,,154,,,,30.34,122.800,GPS1,,,,,,,,,ENR,,,,,Fail,,,,,,,,,,,,,,-13.2,18.2,-101,,,,040001F8 A88 A88,43,,,1200,ALT,94,17,15,31.2,85,1760,15.3,12.5,0,6,3.6,-13,27,,0.00,0.01,203,196,198,197,1290,1265,1260,1275,0,30,,,101
2022-02-27,12:12:01,20:12:01,-08:00,+37.5095063,-122.4915071,57,3D,72739.2,0.0,,0,0,0.00,,1.2,9,-386,-1,-27,9.0,9,,,-0.013,0.977,-0.224,,154,,,,30.34,122.800,GPS1,,,,,,,,,ENR,,,,,Fail,,,,,,,,,,,,,,-13.2,18.2,-102,,,,040001F8 A91 A91,37,,,1200,ALT,94,17,15,31.0,85,1760,15.3,12.5,0,6,3.6,-13,27,,0.00,0.01,204,197,199,198,1295,1265,1260,1275,0,30,,,101
2022-02-27,12:12:02,20:12:02,-08:00,+37.5095060,-122.4915070,57,3D,72740.2,0.0,,0,0,0.00,,1.2,9,-386,-1,-11,9.8,9,,,-0.003,1.004,-0.320,,154,,,,30.34,122.800,GPS1,,,,,,,,,ENR,,,,,Fail,,,,,,,,,,,,,,-13.2,18.2,-103,,,,040001F8 A94 A94,41,,,1200,ALT,95,17,15,30.7,86,1760,15.3,12.5,0,6,3.6,-13,27,,0.00,0.01,205,198,200,199,1300,1270,1265,1280,0,30,,,101
2022-02-27,12:12:03,20:12:03,-08:00,+37.5095058,-122.4915066,58,3D,72741.2,0.0,,0,0,0.01,,1.6,9,-387,-1,-41,10.7,11,,,0.003,0.986,-0.256,,154,,,,30.34,122.800,GPS1,,,,,,,,,ENR,,,,,Fail,,,,,,,,,,,,,,-13.2,18.1,-105,,,,040001F8 A97 A97,31,,,1200,ALT,95,17,15,30.6,86,1760,15.3,12.5,0,6,3.6,-13,27,,0.00,0.01,207,200,202,201,1300,1270,1270,1280,0,30,,,101
2022-02-27,12:12:04,20:12:04,-08:00,+37.5095055,-122.4915062,58,3D,72742.3,0.0,,0,0,0.01,297.5,1.2,9,-387,-2,17,9.5,9,11.88,0.01,0.019,1.005,-0.052,,154,,,,30.34,122.800,GPS1,,,,,,,,,ENR,,,,,Fail,,,,,,,,,,,,,,-13.2,18.1,-107,,,,040007FF D0 D0,30,,,1200,ALT,95,17,15,30.6,86,1760,15.3,12.5,0,6,3.6,-13,27,,0.00,0.01,208,201,203,202,1300,1270,1270,1280,0,30,,,101
2022-02-27,12:12:05,20:12:05,-08:00,+37.5095054,-122.4915061,58,3D,72743.2,0.0,,0,0,0.01,297.3,1.2,9,-388,-2,-11,8.7,8,11.87,-0.09,0.002,0.983,+0.187,,154,,,,30.34,122.800,GPS1,,,,,,,,,ENR,,,,,Fail,,,,,,,,,,,,,,-13.2,18.1,-107,,,,040007FF D12 D12,27,,,1200,ALT,95,17,15,30.5,86,1780,15.4,12.5,0,6,3.6,-13,27,,0.00,0.01,209,202,204,203,1305,1275,1275,1290,0,31,,,101
2022-02-27,12:12:06,20:12:06,-08:00,+37.5095055,-122.4915061,58,3D,72744.2,0.0,,0,0,0.01,297.2,1.2,9,-387,-2,7,9.3,9,11.85,-0.18,0.016,0.961,+0.483,,154,,,,30.34,122.800,GPS1,,,,,,,,,ENR,,,,,Fail,,,,,,,,,,,,,,-13.2,18.1,-108,,,,040007FF D17 D17,29,,,1200,ALT,95,17,15,30.7,86,1830,15.8,12.5,0,6,3.7,-13,27,,0.00,0.01,211,204,206,205,1315,1285,1285,1300,0,31,,,101
2022-02-27,12:12:07,20:12:07,-08:00,+37.5095055,-122.4915061,58,3D,72745.2,0.0,,0,0,0.01,297.1,1.2,9,-383,-1,96,10.9,11,11.79,-0.24,0.007,0.988,+0.727,,154,,,,30.34,122.800,GPS1,,,,,,,,,ENR,,,,,Fail,,,,,,,,,,,,,,-13.2,18.1,-108,,,,040007FF D24 D24,34,,,1200,ALT,95,17,15,30.9,87,1870,16.1,12.5,0,6,3.8,-13,27,,0.00,0.01,212,205,207,206,1325,1295,1295,1315,0,32,,,101
2022-02-27,12:12:08,20:12:08,-08:00,+37.5095055,-122.4915061,58,3D,72746.2,0.0,,0,0,0.01,297.6,1.2,9,-385,1,27,12.3,12,11.90,0.05,0.040,0.969,+0.921,,154,,,,30.34,122.800,GPS1,,,,,,,,,ENR,,,,,Fail,,,,,,,,,,,,,,-13.2,18.1,-107,,,,040007FF D34 D34,31,,,1200,ALT,95,17,15,31.1,88,1910,16.4,12.5,0,6,4.0,-13,27,,0.00,0.01,214,207,209,208,1335,1305,1310,1330,0,33,,,101
2022-02-27,12:12:09,20:12:09,-08:00,+37.5095055,-122.4915060,58,3D,72747.2,0.0,,0,0,0.01,297.0,1.2,9,-384,0,93,12.9,12,11.68,-0.21,-0.002,0.990,+1.051,,154,,,,30.34,122.800,GPS1,,,,,,,,,ENR,,,,,Fail,,,,,,,,,,,,,,-13.2,18.1,-107,,,,040007FF D46 D46,39,,,1200,ALT,95,17,15,31.1,89,1980,17.1,12.5,0,6,4.3,-13,27,,0.00,0.01,215,208,210,209,1345,1320,1320,1340,0,35,,,101
2022-02-27,12:12:10,20:12:10,-08:00,+37.5095055,-122.4915061,58,3D,72748.2,0.0,,0,0,0.00,297.2,1.2,9,-383,1,68,13.4,13,11.70,-0.08,0.009,0.989,+1.052,,154,,,,30.34,122.800,GPS1,,,,,,,,,ENR,,,,,Fail,,,,,,,,,,,,,,-13.2,18.1,-105,,,,040007FF D58 D58,31,,,1200,ALT,95,17,15,30.9,90,2030,17.6,12.5,0,6,4.5,-13,27,,0.00,0.01,217,210,212,211,1350,1325,1330,1350,0,37,,,101
2022-02-27,12:12:11,20:12:11,-08:00,+37.5095055,-122.4915060,58,3D,72749.2,0.0,,0,0,-0.00,297.3,1.2,9,-383,2,29,14.8,14,11.71,-0.05,-0.018,0.968,+1.022,,154,,,,30.34,122.800,GPS1,,,,,,,,,ENR,,,,,Fail,,,,,,,,,,,,,,-13.2,18.1,-104,,,,040007FF D67 D67,31,,,1200,ALT,95,17,15,31.0,92,2070,18.2,12.5,0,6,4.9,-13,27,,0.00,0.01,218,211,214,212,1355,1330,1330,1360,0,39,,,101
2022-02-27,12:12:12,20:12:12,-08:00,+37.5095055,-122.4915060,58,3D,72750.2,0.0,,0,0,0.00,297.2,1.2,9,-382,3,8,15.4,15,11.70,-0.01,0.008,0.975,+1.219,,154,,,,30.34,122.800,GPS1,,,,,,,,,ENR,,,,,Fail,,,,,,,,,,,,,,-13.2,18.1,-104,,,,040007FF D79 D79,34,,,1200,ALT,95,17,15,30.8,93,2140,18.8,12.5,0,6,5.3,-13,27,,0.00,0.01,220,213,215,214,1350,1330,1330,1360,0,42,,,101
2022-02-27,12:12:13,20:12:13,-08:00,+37.5095055,-122.4915060,58,3D,72751.3,0.0,,0,0,-0.00,297.0,1.6,9,-382,2,54,16.0,15,11.60,-0.03,-0.004,0.981,+1.812,,154,,,,30.34,122.800,GPS1,,,,,,,,,ENR,,,,,Fail,,,,,,,,,,,,,,-13.2,18.1,-105,,,,040007FF D89 D89,33,,,1200,ALT,96,17,15,30.4,94,2180,19.2,12.5,0,6,5.7,-13,27,,0.00,0.01,222,215,217,216,1350,1330,1330,1355,0,46,,,101
2022-02-27,12:12:14,20:12:14,-08:00,+37.5095055,-122.4915060,58,3D,72752.2,0.0,,0,0,-0.00,296.9,1.6,9,-379,4,77,16.0,15,11.53,-0.02,0.002,0.982,+2.073,,154,,,,30.34,122.800,GPS1,,,,,,,,,ENR,,,,,Fail,,,,,,,,,,,,,,-13.2,18.1,-103,,,,040007FF D98 D98,32,,,1200,ALT,96,17,15,30.3,95,2220,19.7,12.5,0,6,6.0,-13,27,,0.00,0.01,224,217,219,218,1345,1330,1325,1355,0,49,,,101
2022-02-27,12:12:15,20:12:15,-08:00,+37.5095055,-122.4915060,58,3D,72753.2,0.0,,0,0,-0.00,296.7,1.6,9,-379,6,49,15.8,15,11.48,-0.16,-0.023,0.979,+2.011,,154,,,,30.34,122.800,GPS1,,,,,,,,,ENR,,,,,Fail,,,,,,,,,,,,,,-13.2,18.1,-101,,,,040007FF D98 D98,32,,,1200,ALT,96,17,15,30.2,96,2240,19.9,12.5,0,6,6.2,-13,27,,0.00,0.01,226,219,221,220,1340,1330,1320,1355,0,51,,,101
2022-02-27,12:12:16,20:12:16,-08:00,+37.5095055,-122.4915060,58,3D,72754.3,0.0,,0,0,0.00,297.3,1.6,9,-380,6,-38,15.7,15,11.84,0.01,0.001,0.991,+1.677,,154,,,,30.34,122.800,GPS1,,,,,,,,,ENR,,,,,Fail,,,,,,,,,,,,,,-13.2,18.1,-100,,,,040007FF D98 D98,30,,,1200,ALT,96,17,15,30.1,96,2250,20.0,12.5,0,6,6.4,-13,27,,0.00,0.01,228,221,223,222,1340,1330,1320,1355,0,53,,,101
2022-02-27,12:12:17,20:12:17,-08:00,+37.5095055,-122.4915060,58,3D,72755.2,0.0,,0,0,-0.00,297.3,1.6,9,-380,5,-1,14.9,14,11.77,0.11,-0.025,0.987,+1.391,,154,,,,30.34,122.800,GPS1,,,,,,,,,ENR,,,,,Fail,,,,,,,,,,,,,,-13.2,18.1,-101,,,,040007FF D98 D98,42,,,1200,ALT,96,17,15,30.0,97,2260,20.1,12.5,0,6,6.4,-13,27,,0.00,0.01,230,223,225,224,1335,1330,1315,1350,0,54,,,101
2022-02-27,12:12:18,20:12:18,-08:00,+37.5095055,-122.4915060,58,3D,72756.2,0.0,,0,0,0.00,297.2,1.6,9,-379,5,11,15.1,14,11.74,0.00,-0.040,0.957,+1.160,,154,,,,30.34,122.800,GPS1,,,,,,,,,ENR,,,,,Fail,,,,,,,,,,,,,,-13.2,18.1,-101,,,,040007FF D98 D98,38,,,1200,ALT,96,17,15,29.5,97,2280,20.3,12.5,0,6,6.6,-13,27,,0.00,0.01,232,225,227,226,1335,1330,1315,1350,0,55,,,101
2022-02-27,12:12:19,20:12:19,-08:00,+37.5095055,-122.4915060,58,3D,72757.2,0.0,,0,0,0.00,297.6,1.6,9,-380,5,32,14.3,13,11.83,0.19,-0.037,0.971,+1.060,,154,,,,30.34,122.800,GPS1,,,,,,,,,ENR,,,,,Fail,,,,,,,,,,,,,,-13.2,18.1,-101,,,,040007FF N0 N0,35,,,1200,ALT,96,17,15,29.7,97,2290,20.5,12.5,0,6,6.7,-13,27,,0.00,0.01,233,227,229,228,1340,1330,1315,1350,0,56,,,101
2022-02-27,12:12:20,20:12:20,-08:00,+37.5095055,-122.4915059,58,3D,72758.2,0.0,,0,0,0.00,297.6,1.6,9,-378,6,49,15.0,14,11.89,0.09,-0.032,0.982,+1.008,,154,,,,30.34,122.800,GPS1,,,,,,,,,ENR,,,,,Fail,,,,,,,,,,,,,,-13.2,18.1,-100,,,,040007FF N2 N2,35,,,1200,ALT,96,17,15,30.7,97,2310,20.6,12.5,0,6,6.8,-13,27,,0.00,0.01,235,229,231,230,1340,1330,1315,1350,0,57,,,101
2022-02-27,12:12:21,20:12:21,-08:00,+37.5095055,-122.4915059,58,3D,72759.2,0.0,,0,0,0.00,297.6,1.6,9,-379,6,10,15.0,14,11.98,0.14,-0.019,0.966,+0.957,,154,,,,30.34,122.800,GPS1,,,,,,,,,ENR,,,,,Fail,,,,,,,,,,,,,,-13.2,18.1,-99,,,,040007FF N4 N4,34,,,1200,ALT,97,17,15,31.1,97,2320,20.6,12.5,0,6,6.9,-13,27,,0.00,0.01,237,232,233,232,1340,1330,1315,1350,0,58,,,101
2022-02-27,12:12:22,20:12:22,-08:00,+37.5095055,-122.4915059,58,3D,72760.2,0.0,,0,0,0.00,297.5,1.6,9,-381,5,-48,13.8,13,11.96,0.04,-0.018,0.987,+0.931,,154,,,,30.34,122.800,GPS1,,,,,,,,,ENR,,,,,Fail,,,,,,,,,,,,,,-13.2,18.1,-98,,,,040007FF N8 N8,37,,,1200,ALT,97,17,15,30.2,97,2320,20.7,12.5,0,6,6.9,-13,27,,0.00,0.01,239,233,235,234,1340,1335,1315,1350,0,59,,,101
2022-02-27,12:12:23,20:12:23,-08:00,+37.5095055,-122.4915059,58,3D,72761.2,0.0,,0,0,0.00,297.5,1.6,9,-380,4,20,13.5,13,11.87,0.01,0.017,0.899,+0.813,,154,,,,30.34,122.800,GPS1,,,,,,,,,ENR,,,,,Fail,,,,,,,,,,,,,,-13.2,18.1,-98,,,,040007FF N12 N12,55,,,1200,ALT,97,17,15,29.5,97,2320,20.8,12.5,0,6,7.0,-13,27,,0.00,0.01,241,236,237,236,1345,1335,1315,1355,0,59,,,101
2022-02-27,12:12:24,20:12:24,-08:00,+37.5095054,-122.4915059,58,3D,72762.2,0.0,,0,0,0.00,297.5,1.6,9,-378,6,-14,13.7,13,11.83,0.14,0.007,1.002,+1.148,,154,,,,30.34,122.800,GPS1,,,,,,,,,ENR,,,,,Fail,,,,,,,,,,,,,,-13.2,18.1,-96,,,,040007FF N16 N16,57,,,1200,ALT,97,17,15,30.1,97,2320,20.8,12.5,0,6,7.0,-13,27,,0.00,0.01,243,238,239,238,1345,1340,1315,1355,0,59,,,101
2022-02-27,12:12:25,20:12:25,-08:00,+37.5095054,-122.4915059,58,3D,72763.3,0.0,,0,0,-0.00,297.6,1.6,9,-383,5,-72,14.4,13,11.86,0.26,0.006,0.897,+3.612,,154,,,,30.34,122.800,GPS1,,,,,,,,,ENR,,,,,Fail,,,,,,,,,,,,,,-13.2,18.1,-98,,,,040007FF N18 N18,44,,,1200,ALT,97,17,15,30.6,97,2320,20.8,12.5,0,6,7.0,-13,27,,0.00,0.01,244,240,241,240,1345,1340,1315,1355,0,59,,,101
2022-02-27,12:12:26,20:12:26,-08:00,+37.5095054,-122.4915059,58,3D,72764.2,0.0,,0,0,0.00,297.6,1.6,9,-380,4,8,14.0,13,11.81,0.29,-0.009,0.998,+5.005,,154,,,,30.34,122.800,GPS1,,,,,,,,,ENR,,,,,Fail,,,,,,,,,,,,,,-13.2,18.1,-99,,,,040007FF N21 N21,37,,,1200,ALT,97,17,15,30.0,97,2320,20.8,12.5,0,6,7.0,-13,27,,0.00,0.01,246,242,243,242,1345,1340,1315,1355,0,59,,,101
2022-02-27,12:12:27,20:12:27,-08:00,+37.5095054,-122.4915059,58,3D,72765.2,0.0,,0,0,0.00,297.6,1.6,9,-381,5,-21,14.6,13,11.76,0.21,0.026,0.941,+5.349,,154,,,,30.34,122.800,GPS1,,,,,,,,,ENR,,,,,Fail,,,,,,,,,,,,,,-13.2,18.1,-98,,,,040007FF N24 N24,55,,,1200,ALT,97,17,15,30.0,97,2320,20.8,12.5,0,6,7.0,-13,27,,0.00,0.01,248,244,245,244,1345,1340,1315,1355,0,60,,,101
2022-02-27,12:12:28,20:12:28,-08:00,+37.5095054,-122.4915059,58,3D,72766.2,0.0,,0,0,0.00,297.5,1.6,9,-382,4,-41,14.7,13,11.86,0.08,-0.026,0.994,+6.933,,154,,,,30.34,122.800,GPS1,,,,,,,,,ENR,,,,,Fail,,,,,,,,,,,,,,-13.2,18.1,-99,,,,040007FF N28 N28,52,,,1200,ALT,97,17,15,30.5,97,2320,20.8,12.5,0,6,7.0,-13,27,,0.00,0.01,250,246,246,246,1345,1345,1315,1355,0,60,,,101
2022-02-27,12:12:29,20:12:29,-08:00,+37.5095054,-122.4915059,58,3D,72767.2,0.0,,0,0,-0.00,297.5,1.6,9,-378,4,128,14.4,13,11.74,0.07,-0.001,1.001,+8.890,,154,,,,30.34,122.800,GPS1,,,,,,,,,ENR,,,,,Fail,,,,,,,,,,,,,,-13.2,18.1,-98,,,,040007FF N32 N32,40,,,1200,ALT,97,17,15,30.3,97,2320,20.8,12.5,0,6,7.0,-13,27,,0.00,0.01,252,248,248,248,1345,1345,1315,1360,0,60,,,101
2022-02-27,12:12:30,20:12:30,-08:00,+37.5095054,-122.4915059,58,3D,72768.2,0.0,,0,0,-0.00,297.4,1.6,9,-377,7,38,15.9,15,11.68,0.12,-0.005,0.971,+9.304,,154,,,,30.34,122.800,GPS1,,,,,,,,,ENR,,,,,Fail,,,,,,,,,,,,,,-13.2,18.1,-95,,,,040007FF N32 N32,42,,,1200,ALT,98,17,15,29.8,97,2320,20.8,12.5,0,6,7.0,-13,27,,0.00,0.01,254,250,250,250,1345,1345,1315,1360,0,60,,,101
2022-02-27,12:12:31,20:12:31,-08:00,+37.5095054,-122.4915059,58,3D,72769.2,0.0,,0,0,0.00,297.4,1.6,9,-380,6,-32,16.7,16,11.61,0.11,0.015,0.940,+8.501,,154,,,,30.34,122.800,GPS1,,,,,,,,,ENR,,,,,Fail,,,,,,,,,,,,,,-13.2,18.1,-96,,,,040007FF N32 N32,42,,,1200,ALT,98,17,15,30.3,97,2320,20.8,12.5,0,6,7.0,-13,27,,0.00,0.01,255,252,252,252,1350,1345,1315,1360,0,60,,,101
2022-02-27,12:12:32,20:12:32,-08:00,+37.5095054,-122.4915059,58,3D,72770.2,0.0,,0,0,0.00,297.2,1.6,9,-380,5,10,16.6,16,11.57,0.16,-0.036,1.001,+7.064,,154,,,,30.34,122.800,GPS1,,,,,,,,,ENR,,,,,Fail,,,,,,,,,,,,,,-13.2,18.2,-97,,,,040007FF N32 N32,51,,,1200,ALT,98,17,15,30.8,97,2320,20.8,12.5,0,6,7.0,-13,27,,0.00,0.01,257,254,254,254,1350,1350,1315,1360,0,60,,,101
2022-02-27,12:12:33,20:12:33,-08:00,+37.5095054,-122.4915058,58,3D,72771.2,0.0,,0,0,-0.00,297.3,1.6,9,-383,4,-57,15.3,14,11.62,0.19,-0.024,0.960,+5.532,,154,,,,30.34,122.800,GPS1,,,,,,,,,ENR,,,,,Fail,,,,,,,,,,,,,,-13.2,18.2,-97,,,,040007FF N32 N32,52,,,1200,ALT,98,17,15,30.1,96,2330,20.8,12.5,0,6,7.0,-13,27,,0.00,0.01,259,256,256,256,1350,1350,1315,1365,0,60,,,101
2022-02-27,12:12:34,20:12:34,-08:00,+37.5095054,-122.4915058,58,3D,72772.2,0.0,,0,0,0.00,297.3,1.6,9,-381,3,45,13.2,12,11.64,0.11,-0.010,1.034,+4.129,,154,,,,30.34,122.800,GPS1,,,,,,,,,ENR,,,,,Fail,,,,,,,,,,,,,,-13.2,18.2,-96,,,,040007FF N33 N33,46,,,1200,ALT,98,17,15,30.2,96,2330,20.8,12.5,0,6,7.0,-13,27,,0.00,0.01,261,258,257,258,1355,1350,1320,1365,0,60,,,101
2022-02-27,12:12:35,20:12:35,-08:00,+37.5095054,-122.4915058,58,3D,72773.2,0.0,,0,0,0.00,297.3,1.6,9,-381,4,1,13.3,12,11.60,-0.14,0.003,0.970,+2.979,,154,,,,30.34,122.800,GPS1,,,,,,,,,ENR,,,,,Fail,,,,,,,,,,,,,,-13.2,18.2,-94,,,,040007FF N35 N35,44,,,1200,ALT,98,17,15,30.1,96,2330,20.8,12.5,0,6,7.0,-13,27,,0.00,0.01,263,260,259,260,1355,1355,1320,1365,0,60,,,101
2022-02-27,12:12:36,20:12:36,-08:00,+37.5095054,-122.4915058,58,3D,72774.2,0.0,,0,0,0.00,297.3,1.6,9,-380,5,47,14.2,14,11.64,-0.17,0.004,0.977,+2.079,,154,,,,30.34,122.800,GPS1,,,,,,,,,ENR,,,,,Fail,,,,,,,,,,,,,,-13.2,18.2,-93,,,,040007FF N39 N39,38,,,1200,ALT,98,17,15,29.2,96,2320,20.9,12.5,0,6,7.0,-13,27,,0.00,0.01,264,262,261,262,1355,1355,1320,1365,0,60,,,101
2022-02-27,12:12:37,20:12:37,-08:00,+37.5095054,-122.4915057,58,3D,72775.2,0.0,,0,0,-0.00,297.3,1.6,9,-378,6,63,14.1,13,11.69,-0.25,0.032,0.905,+2.566,,154,,,,30.34,122.800,GPS1,,,,,,,,,ENR,,,,,Fail,,,,,,,,,,,,,,-13.2,18.2,-91,,,,040007FF N42 N42,47,,,1200,ALT,98,17,15,29.5,96,2320,20.9,12.5,0,6,7.0,-13,27,,0.00,0.01,266,263,262,264,1355,1355,1320,1370,0,60,,,101
2022-02-27,12:12:38,20:12:38,-08:00,+37.5095054,-122.4915057,58,3D,72776.3,0.0,,0,0,0.00,297.3,1.6,9,-376,7,111,15.1,13,11.85,-0.14,-0.028,0.969,+3.546,,154,,,,30.34,122.800,GPS1,,,,,,,,,ENR,,,,,Fail,,,,,,,,,,,,,,-13.2,18.2,-88,,,,040007FF N43 N43,38,,,1200,ALT,99,17,15,30.4,96,2320,20.9,12.5,0,6,7.0,-13,27,,0.00,0.01,268,265,264,266,1355,1355,1320,1370,0,60,,,101
2022-02-27,12:12:39,20:12:39,-08:00,+37.5095054,-122.4915057,58,3D,72777.3,0.0,,0,0,-0.00,297.4,1.6,9,-379,7,22,16.7,14,11.97,-0.08,-0.005,0.956,+3.845,,154,,,,30.34,122.800,GPS1,,,,,,,,,ENR,,,,,Fail,,,,,,,,,,,,,,-13.2,18.2,-89,,,,040007FF N47 N47,49,,,1200,ALT,99,17,15,30.5,96,2320,20.9,12.5,0,6,7.0,-13,27,,0.00,0.01,269,267,266,268,1355,1355,1320,1370,0,60,,,101
2022-02-27,12:12:40,20:12:40,-08:00,+37.5095053,-122.4915057,58,3D,72778.2,0.0,,0,0,-0.00,297.2,1.6,9,-381,6,3,17.1,15,11.87,-0.07,-0.004,0.991,-6.846,,154,,,,30.34,122.800,GPS1,,,,,,,,,ENR,,,,,Fail,,,,,,,,,,,,,,-13.2,18.2,-91,,,,040007FF N50 N50,45,,,1200,ALT,99,17,15,29.4,96,2320,20.9,12.5,0,6,7.0,-13,27,,0.00,0.01,271,269,267,269,1355,1355,1320,1370,0,60,,,101
2022-02-27,12:12:41,20:12:41,-08:00,+37.5095053,-122.4915057,58,3D,72779.2,0.0,,0,0,-0.00,297.2,1.6,9,-381,5,-76,17.4,16,11.84,-0.23,0.020,0.970,-16.528,,154,,,,30.34,122.800,GPS1,,,,,,,,,ENR,,,,,Fail,,,,,,,,,,,,,,-13.2,18.2,-92,,,,040007FF N52 N52,51,,,1200,ALT,99,17,15,29.9,96,2320,20.9,12.5,0,6,7.0,-13,27,,0.00,0.01,272,271,269,271,1355,1360,1325,1370,0,60,,,101
2022-02-27,12:12:42,20:12:42,-08:00,+37.5095053,-122.4915057,58,3D,72780.2,0.0,,0,0,0.00,297.3,1.6,9,-382,4,-24,18.3,17,11.91,-0.18,0.017,0.927,-19.900,,154,,,,30.34,122.800,GPS1,,,,,,,,,ENR,,,,,Fail,,,,,,,,,,,,,,-13.2,18.2,-94,,,,040007FF N56 N56,36,,,1200,ALT,99,17,15,30.6,96,2320,20.9,12.5,0,6,7.0,-13,27,,0.00,0.01,274,273,271,273,1355,1360,1325,1370,0,60,,,101
2022-02-27,12:12:43,20:12:43,-08:00,+37.5095053,-122.4915057,58,3D,72781.2,0.0,,0,0,-0.00,297.4,1.6,9,-382,4,-60,17.6,16,11.80,-0.03,-0.018,1.024,-18.602,,154,,,,30.34,122.800,GPS1,,,,,,,,,ENR,,,,,Fail,,,,,,,,,,,,,,-13.2,18.2,-94,,,,040007FF N59 N59,44,,,1200,ALT,99,17,15,30.5,96,2320,20.9,12.5,0,6,7.0,-13,27,,0.00,0.01,275,274,272,275,1355,1360,1325,1375,0,60,,,101
2022-02-27,12:12:44,20:12:44,-08:00,+37.5095053,-122.4915057,58,3D,72782.2,0.0,,0,0,0.00,297.3,1.6,9,-377,5,122,18.4,17,11.78,0.04,0.007,0.947,-15.324,,154,,,,30.34,122.800,GPS1,,,,,,,,,ENR,,,,,Fail,,,,,,,,,,,,,,-13.2,18.2,-94,,,,040007FF N63 N63,38,,,1200,ALT,99,17,15,30.1,96,2330,20.9,12.5,0,6,7.0,-13,27,,0.00,0.01,277,276,274,277,1360,1360,1325,1375,0,60,,,101
2022-02-27,12:12:45,20:12:45,-08:00,+37.5095053,-122.4915056,58,3D,72783.2,0.0,,0,0,0.00,297.2,1.6,9,-377,7,92,16.4,15,11.73,-0.00,0.036,0.866,-16.093,,154,,,,30.34,122.800,GPS1,,,,,,,,,ENR,,,,,Fail,,,,,,,,,,,,,,-13.2,18.2,-91,,,,040007FF N67 N67,47,,,1200,ALT,100,17,15,30.6,96,2330,20.9,12.5,0,6,7.0,-13,27,,0.00,0.01,279,278,275,278,1360,1360,1325,1375,0,60,,,101
2022-02-27,12:12:46,20:12:46,-08:00,+37.5095053,-122.4915056,58,3D,72784.2,0.0,,0,0,-0.00,297.2,1.6,9,-380,7,-48,16.7,16,11.74,-0.07,0.023,0.886,-16.654,,154,,,,30.34,122.800,GPS1,,,,,,,,,ENR,,,,,Fail,,,,,,,,,,,,,,-13.2,18.2,-92,,,,040007FF N71 N71,54,,,1200,ALT,100,17,15,30.6,96,2330,20.9,12.5,0,6,7.0,-13,27,,0.00,0.01,280,279,276,280,1360,1360,1325,1375,0,60,,,101
2022-02-27,12:12:47,20:12:47,-08:00,+37.5095052,-122.4915056,58,3D,72785.2,0.0,,0,0,0.00,297.3,1.6,9,-385,4,-147,15.3,15,11.78,-0.03,-0.026,0.951,-14.886,,154,,,,30.34,122.800,GPS1,,,,,,,,,ENR,,,,,Fail,,,,,,,,,,,,,,-13.2,18.2,-95,,,,040007FF N75 N75,35,,,1200,ALT,100,17,15,29.7,96,2330,21.0,12.5,0,6,7.0,-13,27,,0.00,0.01,282,281,278,282,1360,1360,1330,1375,0,60,,,101
2022-02-27,12:12:48,20:12:48,-08:00,+37.5095052,-122.4915056,58,3D,72786.2,0.0,,0,0,-0.00,297.3,1.6,9,-383,2,-7,14.1,13,11.67,0.07,-0.075,1.032,-12.893,,154,,,,30.34,122.800,GPS1,,,,,,,,,ENR,,,,,Fail,,,,,,,,,,,,,,-13.2,18.2,-98,,,,040007FF N78 N78,50,,,1200,ALT,100,17,15,29.9,95,2330,21.0,12.5,0,6,7.0,-13,27,,0.00,0.01,283,283,280,284,1360,1360,1330,1375,0,60,,,101
2022-02-27,12:12:49,20:12:49,-08:00,+37.5095052,-122.4915056,58,3D,72787.2,0.0,,0,0,-0.00,297.4,1.6,9,-381,4,-2,14.4,14,11.61,0.06,0.024,0.925,-11.807,,154,,,,30.34,122.800,GPS1,,,,,,,,,ENR,,,,,Fail,,,,,,,,,,,,,,-13.2,18.2,-96,,,,040007FF N81 N81,36,,,1200,ALT,100,17,15,30.5,95,2330,21.0,12.5,0,6,7.0,-13,27,,0.00,0.01,284,285,281,285,1360,1360,1330,1375,0,60,,,101
2022-02-27,12:12:50,20:12:50,-08:00,+37.5095052,-122.4915056,58,3D,72788.2,0.0,,0,0,-0.00,297.4,1.6,9,-381,4,-0,15.2,14,11.66,0.07,0.001,0.955,-9.542,,154,,,,30.34,122.800,GPS1,,,,,,,,,ENR,,,,,Fail,,,,,,,,,,,,,,-13.2,18.2,-96,,,,040007FF N84 N84,32,,,1200,ALT,100,17,15,30.5,95,2330,21.0,12.5,0,6,7.0,-13,27,,0.00,0.01,286,286,282,287,1360,1365,1330,1375,0,60,,,101
2022-02-27,12:12:51,20:12:51,-08:00,+37.5095051,-122.4915055,58,3DDiff,72789.2,0.0,,0,0,0.00,297.2,1.6,9,-380,4,67,15.3,15,11.63,0.05,0.011,0.977,-6.983,,154,,,,30.34,122.800,GPS1,,,,,,,,,ENR,,,,,Fail,,,,,,,,,,,,,,-13.2,18.2,-97,,,,040007FF N87 N87,39,,,1200,ALT,100,17,15,29.8,95,2330,21.0,12.5,0,6,7.0,-13,27,,0.00,0.01,287,288,284,289,1360,1365,1330,1375,0,60,,,101
2022-02-27,12:12:52,20:12:52,-08:00,+37.5095046,-122.4915052,58,3DDiff,72790.2,0.0,,0,0,0.00,297.1,1.6,9,-379,6,22,16.1,16,11.58,-0.08,-0.018,0.964,-4.572,,154,,,,30.34,122.800,GPS1,,,,,,,,,ENR,,,,,Fail,,,,,,,,,,,,,,-13.2,18.2,-96,,,,040007FF N91 N91,58,,,1200,ALT,101,17,15,30.2,95,2330,21.0,12.5,0,6,7.0,-13,27,,0.00,0.01,289,290,285,290,1360,1365,1330,1375,0,60,,,101
2022-02-27,12:12:53,20:12:53,-08:00,+37.5095042,-122.4915051,58,3DDiff,72791.2,0.0,,0,0,0.00,297.1,1.6,9,-381,5,-8,15.9,15,11.62,0.05,0.014,0.952,-2.509,,154,,,,30.34,122.800,GPS1,,,,,,,,,ENR,,,,,Fail,,,,,,,,,,,,,,-13.2,18.1,-98,,,,040007FF N95 N95,37,,,1200,ALT,101,17,15,30.6,95,2320,21.0,12.5,0,6,7.0,-13,27,,0.00,0.01,290,291,287,292,1360,1365,1330,1375,0,60,,,101
2022-02-27,12:12:54,20:12:54,-08:00,+37.5095040,-122.4915049,58,3DDiff,72792.2,0.0,,0,0,0.00,297.1,1.6,9,-380,5,9,16.6,16,11.67,0.09,-0.027,0.993,-0.924,,154,,,,30.34,122.800,GPS1,,,,,,,,,ENR,,,,,Fail,,,,,,,,,,,,,,-13.2,18.1,-99,,,,040007FF N98 N98,44,,,1200,ALT,101,17,15,29.4,95,2320,21.0,12.5,0,6,7.0,-13,27,,0.00,0.01,292,293,288,294,1360,1365,1330,1375,0,60,,,101
2022-02-27,12:12:55,20:12:55,-08:00,+37.5095038,-122.4915047,58,3DDiff,72793.2,0.0,,0,0,0.00,297.1,1.6,9,-381,5,71,15.7,15,11.65,-0.00,0.029,0.940,+0.192,,154,,,,30.34,122.800,GPS1,,,,,,,,,ENR,,,,,Fail,,,,,,,,,,,,,,-13.2,18.1,-100,,,,040007FF N100 N100,47,,,1200,ALT,101,17,15,29.4,95,2320,21.0,12.5,0,6,7.0,-13,27,,0.00,0.01,293,294,289,295,1360,1365,1330,1375,0,60,,,101
2022-02-27,12:12:56,20:12:56,-08:00,+37.5095033,-122.4915041,58,3DDiff,72794.2,0.0,,0,0,0.00,297.4,1.6,9,-376,7,68,15.9,15,11.84,0.05,0.006,0.989,+0.857,,154,,,,30.34,122.800,GPS1,,,,,,,,,ENR,,,,,Fail,,,,,,,,,,,,,,-13.2,18.1,-99,,,,040007FF N100 N100,36,,,1200,ALT,101,17,15,30.3,95,2320,21.0,12.5,0,6,7.0,-13,27,,0.00,0.01,295,296,291,297,1360,1365,1330,1375,0,60,,,101
2022-02-27,12:12:57,20:12:57,-08:00,+37.5095027,-122.4915034,57,3DDiff,72795.2,0.0,,0,0,-0.00,297.4,1.6,9,-379,7,4,15.6,14,11.84,0.10,-0.008,1.005,+1.186,,154,,,,30.34,122.800,GPS1,,,,,,,,,ENR,,,,,Fail,,,,,,,,,,,,,,-13.2,18.1,-99,,,,040007FF N100 N100,41,,,1200,ALT,101,17,15,30.9,95,2320,21.0,12.5,0,6,7.0,-13,27,,0.00,0.01,296,298,292,299,1360,1365,1330,1375,0,60,,,101
2022-02-27,12:12:58,20:12:58,-08:00,+37.5095023,-122.4915033,57,3DDiff,72796.2,0.0,,0,0,-0.00,297.3,1.6,9,-377,7,2,15.6,14,11.75,0.16,-0.008,0.989,+1.823,,154,,,,30.34,122.800,GPS1,,,,,,,,,ENR,,,,,Fail,,,,,,,,,,,,,,-13.2,18.1,-100,,,,040007FF N100 N100,34,,,1200,ALT,101,17,15,30.9,95,2320,21.0,12.5,0,6,7.0,-13,27,,0.00,0.01,297,299,293,300,1360,1365,1330,1375,0,60,,,101
2022-02-27,12:12:59,20:12:59,-08:00,+37.5095022,-122.4915026,57,3DDiff,72797.2,0.0,,0,0,-0.00,297.3,1.6,9,-377,8,23,16.1,15,11.80,0.08,0.007,0.982,+2.603,,154,,,,30.34,122.800,GPS1,,,,,,,,,ENR,,,,,Fail,,,,,,,,,,,,,,-13.2,18.1,-101,,,,040007FF N100 N100,40,,,1200,ALT,102,17,15,29.8,95,2320,21.1,12.5,0,6,7.0,-13,27,,0.00,0.01,298,301,295,302,1360,1365,1330,1375,0,60,,,101
2022-02-27,12:13:00,20:13:00,-08:00,+37.5095023,-122.4915020,57,3DDiff,72798.2,0.0,,0,0,-0.00,297.4,1.7,9,-381,6,-54,16.1,15,11.80,0.12,-0.026,0.987,+1.515,,154,,,,30.34,122.800,GPS1,,,,,,,,,ENR,,,,,Fail,,,,,,,,,,,,,,-13.2,18.1,-104,,,,040007FF N100 N100,38,,,1200,ALT,102,17,15,28.8,95,2320,21.1,12.5,0,6,7.0,-13,27,,0.00,0.01,300,302,296,303,1360,1365,1330,1380,0,60,,,101
2022-02-27,12:13:01,20:13:01,-08:00,+37.5095026,-122.4915016,57,3DDiff,72799.2,0.0,,0,0,0.00,297.4,1.6,9,-382,5,-65,15.8,14,11.70,0.17,-0.003,0.991,+0.583,,154,,,,30.34,122.800,GPS1,,,,,,,,,ENR,,,,,Fail,,,,,,,,,,,,,,-13.2,18.1,-108,,,,040007FF N100 N100,48,,,1200,ALT,102,17,15,29.4,95,2320,21.1,12.5,0,6,7.0,-13,27,,0.00,0.01,301,304,297,305,1360,1365,1330,1380,0,60,,,101
2022-02-27,12:13:02,20:13:02,-08:00,+37.5095027,-122.4915014,57,3DDiff,72800.2,0.0,,0,0,-0.00,297.4,1.6,9,-382,3,-27,16.4,15,11.71,0.21,-0.008,0.943,+0.049,,154,,,,30.34,122.800,GPS1,,,,,,,,,ENR,,,,,Fail,,,,,,,,,,,,,,-13.2,18.1,-111,,,,040007FF N100 N100,47,,,1200,ALT,102,17,15,30.3,95,2320,21.1,12.5,0,6,7.0,-13,27,,0.00,0.01,302,305,298,306,1365,1365,1330,1380,0,60,,,101
2022-02-27,12:13:03,20:13:03,-08:00,+37.5095027,-122.4915016,57,3DDiff,72801.2,0.0,,0,0,0.00,297.3,1.6,9,-379,4,59,16.4,15,11.71,0.18,0.020,0.966,-0.183,,154,,,,30.34,122.800,GPS1,,,,,,,,,ENR,,,,,Fail,,,,,,,,,,,,,,-13.2,18.0,-110,,,,040007FF N100 N100,38,,,1200,ALT,102,17,15,30.9,95,2320,21.0,12.5,0,6,7.0,-13,27,,0.00,0.01,303,307,300,308,1365,1365,1330,1380,0,60,,,101
2022-02-27,12:13:04,20:13:04,-08:00,+37.5095028,-122.4915022,57,3DDiff,72802.2,0.0,,0,0,0.00,297.3,1.6,9,-374,7,211,17.3,16,11.79,0.17,-0.030,0.988,-0.205,,154,,,,30.34,122.800,GPS1,,,,,,,,,ENR,,,,,Fail,,,,,,,,,,,,,,-13.2,18.0,-108,,,,040007FF N100 N100,42,,,1200,ALT,102,17,15,30.8,95,2320,21.0,12.5,0,6,7.0,-13,27,,0.00,0.01,305,308,301,309,1365,1370,1330,1380,0,60,,,101
2022-02-27,12:13:05,20:13:05,-08:00,+37.5095033,-122.4915028,57,3DDiff,72803.2,0.0,,0,0,0.00,297.3,1.6,9,-378,9,-80,18.1,17,11.75,0.09,-0.016,1.002,-0.102,,154,,,,30.34,122.800,GPS1,,,,,,,,,ENR,,,,,Fail,,,,,,,,,,,,,,-13.2,18.0,-107,,,,040007FF N100 N100,40,,,1200,ALT,103,17,15,29.8,95,2320,21.1,12.5,0,6,7.0,-13,27,,0.00,0.01,306,310,302,310,1365,1370,1335,1380,0,60,,,101
2022-02-27,12:13:06,20:13:06,-08:00,+37.5095033,-122.4915033,57,3DDiff,72804.2,0.0,,0,0,0.00,297.2,1.6,9,-381,6,-73,17.0,16,11.75,0.08,-0.002,0.931,-0.031,,154,,,,30.34,122.800,GPS1,,,,,,,,,ENR,,,,,Fail,,,,,,,,,,,,,,-13.2,18.0,-111,,,,040007FF N100 N100,33,,,1200,ALT,103,17,15,29.3,95,2320,21.1,12.5,0,6,7.0,-13,27,,0.00,0.01,307,311,303,312,1365,1370,1335,1380,0,60,,,101
2022-02-27,12:13:07,20:13:07,-08:00,+37.5095033,-122.4915036,57,3DDiff,72805.2,0.0,,0,0,-0.00,297.3,1.7,9,-378,6,6,16.8,16,11.81,0.05,-0.009,0.977,+0.022,,154,,,,30.34,122.800,GPS1,,,,,,,,,ENR,,,,,Fail,,,,,,,,,,,,,,-13.2,18.0,-111,,,,040007FF N100 N100,36,,,1200,ALT,103,17,15,30.0,94,2320,21.1,12.5,0,6,7.0,-13,27,,0.00,0.01,308,312,304,313,1365,1370,1335,1380,0,60,,,101
2022-02-27,12:13:08,20:13:08,-08:00,+37.5095033,-122.4915038,57,3DDiff,72806.2,0.0,,0,0,-0.00,297.3,1.6,9,-381,5,-23,15.3,14,11.79,0.14,0.036,0.933,-0.544,,154,,,,30.34,122.800,GPS1,,,,,,,,,ENR,,,,,Fail,,,,,,,,,,,,,,-13.2,18.0,-111,,,,040007FF N100 N100,48,,,1200,ALT,103,17,15,30.8,94,2320,21.0,12.5,0,6,7.0,-13,27,,0.00,0.01,309,314,305,315,1365,1370,1335,1380,0,60,,,101
2022-02-27,12:13:09,20:13:09,-08:00,+37.5095032,-122.4915043,57,3DDiff,72807.2,0.0,,0,0,0.00,297.2,1.7,9,-380,5,-0,15.5,14,11.71,0.13,-0.002,1.034,-0.747,,154,,,,30.34,122.800,GPS1,,,,,,,,,ENR,,,,,Fail,,,,,,,,,,,,,,-13.2,18.0,-112,,,,040007FF N100 N100,38,,,1200,ALT,103,17,15,30.7,94,2320,21.0,12.5,0,6,7.0,-13,27,,0.00,0.01,311,315,307,316,1370,1370,1335,1380,0,60,,,101
2022-02-27,12:13:10,20:13:10,-08:00,+37.5095030,-122.4915046,57,3DDiff,72808.2,0.0,,0,0,0.00,297.1,1.7,9,-380,5,-16,15.5,14,11.69,0.12,0.003,0.982,-0.687,,154,,,,30.34,122.800,GPS1,,,,,,,,,ENR,,,,,Fail,,,,,,,,,,,,,,-13.2,18.0,-113,,,,040007FF N100 N100,31,,,1200,ALT,104,17,15,29.7,94,2320,21.1,12.5,0,6,7.0,-13,27,,0.00,0.01,312,317,308,318,1370,1370,1335,1380,0,60,,,101
2022-02-27,12:13:11,20:13:11,-08:00,+37.5095032,-122.4915045,56,3DDiff,72809.3,0.0,,0,0,-0.00,297.2,1.7,9,-380,5,8,14.1,13,11.67,0.10,-0.020,1.004,-0.393,,154,,,,30.34,122.800,GPS1,,,,,,,,,ENR,,,,,Fail,,,,,,,,,,,,,,-13.2,18.0,-113,,,,040007FF N100 N100,33,,,1200,ALT,104,17,15,29.5,94,2320,21.1,12.5,0,6,7.0,-13,27,,0.00,0.01,313,318,309,319,1370,1370,1335,1380,0,60,,,101
2022-02-27,12:13:12,20:13:12,-08:00,+37.5095036,-122.4915041,56,3DDiff,72810.2,0.0,,0,0,-0.00,297.3,1.7,9,-380,5,-9,12.7,12,11.70,0.09,0.009,0.944,-0.018,,154,,,,30.34,122.800,GPS1,,,,,,,,,ENR,,,,,Fail,,,,,,,,,,,,,,-13.2,18.0,-112,,,,040007FF N100 N100,38,,,1200,ALT,104,17,15,30.2,94,2320,21.1,12.5,0,6,7.0,-13,27,,0.00,0.01,314,319,310,320,1370,1370,1335,1380,0,60,,,101
2022-02-27,12:13:13,20:13:13,-08:00,+37.5095034,-122.4915041,56,3DDiff,72811.2,0.0,,0,0,-0.00,297.3,1.7,9,-381,4,79,12.3,11,11.80,0.06,-0.007,0.964,+0.139,,154,,,,30.34,122.800,GPS1,,,,,,,,,ENR,,,,,Fail,,,,,,,,,,,,,,-13.2,18.0,-114,,,,040007FF N100 N100,35,,,1200,ALT,104,17,15,30.8,94,2320,21.0,12.5,0,6,7.0,-13,27,,0.00,0.01,315,321,311,322,1370,1370,1335,1380,0,60,,,101
2022-02-27,12:13:14,20:13:14,-08:00,+37.5095031,-122.4915043,56,3DDiff,72812.2,0.0,,0,0,0.00,297.4,1.7,9,-378,6,52,14.4,13,11.84,0.18,0.018,1.003,+0.269,,154,,,,30.34,122.800,GPS1,,,,,,,,,ENR,,,,,Fail,,,,,,,,,,,,,,-13.2,18.0,-114,,,,040007FF N100 N100,35,,,1200,ALT,104,17,15,31.0,94,2320,21.0,12.5,0,6,7.0,-13,27,,0.00,0.01,316,322,312,323,1370,1370,1335,1380,0,60,,,101
2022-02-27,12:13:15,20:13:15,-08:00,+37.5095023,-122.4915045,56,3DDiff,72813.2,0.0,,0,0,0.00,297.2,1.7,9,-378,7,30,14.7,13,11.80,0.13,-0.001,1.015,+0.454,,154,,,,30.34,122.800,GPS1,,,,,,,,,ENR,,,,,Fail,,,,,,,,,,,,,,-13.2,18.0,-113,,,,040007FF N100 N100,40,,,1200,ALT,105,17,15,29.8,94,2320,21.1,12.5,0,6,7.0,-13,27,,0.00,0.01,317,324,313,325,1370,1370,1340,1380,0,60,,,101
2022-02-27,12:13:16,20:13:16,-08:00,+37.5095020,-122.4915046,56,3DDiff,72814.2,0.0,,0,0,0.00,297.2,1.7,9,-382,6,-65,14.7,13,11.78,0.15,0.018,0.972,+0.491,,154,,,,30.34,122.800,GPS1,,,,,,,,,ENR,,,,,Fail,,,,,,,,,,,,,,-13.2,18.0,-114,,,,040007FF N100 N100,37,,,1200,ALT,105,17,15,29.1,94,2320,21.1,12.5,0,6,7.0,-13,27,,0.00,0.01,318,325,314,326,1370,1370,1340,1380,0,60,,,101
2022-02-27,12:13:17,20:13:17,-08:00,+37.5095018,-122.4915048,56,3DDiff,72815.2,0.0,,0,0,0.00,297.2,1.7,9,-377,6,61,15.5,14,11.84,0.09,-0.019,1.052,+0.192,,154,,,,30.34,122.800,GPS1,,,,,,,,,ENR,,,,,Fail,,,,,,,,,,,,,,-13.2,18.0,-115,,,,040007FF N100 N100,53,,,1200,ALT,105,17,15,29.8,94,2320,21.1,12.5,0,6,7.0,-13,27,,0.00,0.01,320,326,315,327,1370,1370,1340,1380,0,60,,,101
2022-02-27,12:13:18,20:13:18,-08:00,+37.5095020,-122.4915051,56,3DDiff,72816.2,0.0,,0,0,0.00,297.1,1.7,9,-377,7,9,16.1,15,11.78,0.05,-0.005,1.030,+0.098,,154,,,,30.34,122.800,GPS1,,,,,,,,,ENR,,,,,Fail,,,,,,,,,,,,,,-13.2,18.0,-114,,,,040007FF N100 N100,41,,,1200,ALT,105,17,15,30.6,93,2320,21.0,12.5,0,6,7.0,-13,27,,0.00,0.01,321,327,316,328,1370,1370,1340,1380,0,60,,,101
2022-02-27,12:13:19,20:13:19,-08:00,+37.5095023,-122.4915045,56,3DDiff,72817.2,0.0,,0,0,-0.00,297.3,1.7,9,-379,7,-7,16.8,16,11.97,-0.02,0.021,0.960,-0.299,,154,,,,30.34,122.800,GPS1,,,,,,,,,ENR,,,,,Fail,,,,,,,,,,,,,,-13.2,18.0,-115,,,,040007FF N100 N100,42,,,1200,ALT,105,17,15,31.0,93,2320,21.0,12.5,0,6,7.1,-13,27,,0.00,0.01,322,329,317,330,1370,1370,1340,1380,0,60,,,101
2022-02-27,12:13:20,20:13:20,-08:00,+37.5095024,-122.4915040,56,3DDiff,72818.2,0.0,,0,0,0.00,297.2,1.7,9,-379,6,-25,16.3,15,11.92,-0.04,0.017,0.923,-0.396,,154,,,,30.34,122.800,GPS1,,,,,,,,,ENR,,,,,Fail,,,,,,,,,,,,,,-13.2,18.0,-117,,,,040007FF N100 N100,36,,,1200,ALT,106,17,15,30.8,93,2320,21.1,12.5,0,6,7.1,-13,27,,0.00,0.01,323,330,319,331,1370,1370,1340,1380,0,60,,,101
2022-02-27,12:13:21,20:13:21,-08:00,+37.5095028,-122.4915031,56,3DDiff,72819.2,0.0,,0,0,0.00,297.3,1.7,9,-378,6,-5,15.4,15,11.86,-0.16,-0.036,0.974,-0.287,,154,,,,30.34,122.800,GPS1,,,,,,,,,ENR,,,,,Fail,,,,,,,,,,,,,,-13.2,18.0,-117,,,,040007FF N100 N100,55,,,1200,ALT,106,17,15,29.7,93,2320,21.2,12.5,0,6,7.0,-13,27,,0.00,0.01,324,331,320,332,1370,1370,1340,1380,0,60,,,101
2022-02-27,12:13:22,20:13:22,-08:00,+37.5095034,-122.4915025,56,3DDiff,72820.2,0.0,,0,0,-0.00,297.3,1.7,9,-381,6,-67,15.4,14,11.83,-0.15,-0.011,0.940,-0.213,,154,,,,30.34,122.800,GPS1,,,,,,,,,ENR,,,,,Fail,,,,,,,,,,,,,,-13.2,18.0,-119,,,,040007FF N100 N100,38,,,1200,ALT,106,17,15,28.5,93,2320,21.2,12.5,0,6,7.0,-13,27,,0.00,0.01,325,332,320,333,1370,1375,1340,1380,0,60,,,101
2022-02-27,12:13:23,20:13:23,-08:00,+37.5095039,-122.4915018,56,3DDiff,72821.2,0.0,,0,0,-0.00,297.3,1.7,9,-381,5,-68,14.2,13,11.97,-0.18,0.033,0.962,-0.681,,154,,,,30.34,122.800,GPS1,,,,,,,,,ENR,,,,,Fail,,,,,,,,,,,,,,-13.2,17.9,-121,,,,040007FF N100 N100,48,,,1200,ALT,106,17,15,28.9,93,2320,21.2,12.5,0,6,7.0,-13,27,,0.00,0.01,326,334,321,334,1370,1375,1340,1380,0,60,,,101
2022-02-27,12:13:24,20:13:24,-08:00,+37.5095045,-122.4915013,56,3DDiff,72822.2,0.0,,0,0,-0.00,297.4,1.7,9,-378,5,88,14.5,14,12.02,0.02,-0.005,1.019,-0.797,,154,,,,30.34,122.800,GPS1,,,,,,,,,ENR,,,,,Fail,,,,,,,,,,,,,,-13.2,17.9,-123,,,,040007FF N100 N100,40,,,1200,ALT,107,17,15,30.0,93,2320,21.1,12.5,0,6,7.0,-13,27,,0.00,0.01,327,335,323,336,1370,1375,1340,1380,0,60,,,101
2022-02-27,12:13:25,20:13:25,-08:00,+37.5095046,-122.4915008,55,3DDiff,72823.2,0.0,,0,0,0.00,297.3,1.7,9,-379,6,59,13.9,13,11.94,-0.03,0.008,1.000,-0.703,,154,,,,30.34,122.800,GPS1,,,,,,,,,ENR,,,,,Fail,,,,,,,,,,,,,,-13.2,17.9,-122,,,,040007FF N100 N100,34,,,1200,ALT,107,17,15,30.7,93,2320,21.1,12.5,0,6,7.0,-13,27,,0.00,0.01,328,336,323,337,1370,1375,1340,1380,0,60,,,101
2022-02-27,12:13:26,20:13:26,-08:00,+37.5095044,-122.4915003,55,3DDiff,72824.2,0.0,,0,0,0.00,297.3,1.7,9,-380,6,20,14.6,13,11.94,-0.11,-0.019,1.025,-0.592,,154,,,,30.34,122.800,GPS1,,,,,,,,,ENR,,,,,Fail,,,,,,,,,,,,,,-13.2,17.9,-122,,,,040007FF N100 N100,43,,,1200,ALT,107,17,15,30.8,93,2320,21.1,12.5,0,6,7.0,-13,27,,0.00,0.01,329,337,324,338,1370,1370,1340,1380,0,60,,,101
2022-02-27,12:13:27,20:13:27,-08:00,+37.5095039,-122.4914997,55,3DDiff,72825.2,0.0,,0,0,0.00,297.3,1.7,9,-381,6,-52,16.0,15,11.96,-0.00,-0.007,0.961,-0.321,,154,,,,30.34,122.800,GPS1,,,,,,,,,ENR,,,,,Fail,,,,,,,,,,,,,,-13.2,17.9,-123,,,,040007FF N100 N100,36,,,1200,ALT,107,17,15,29.7,92,2310,21.2,12.5,0,6,7.0,-13,27,,0.00,0.01,330,338,325,339,1370,1370,1340,1380,0,60,,,101
2022-02-27,12:13:28,20:13:28,-08:00,+37.5095039,-122.4914991,55,3DDiff,72826.2,0.0,,0,0,-0.00,297.3,1.7,9,-380,5,57,16.8,16,11.90,0.02,0.005,0.961,+0.009,,154,,,,30.34,122.800,GPS1,,,,,,,,,ENR,,,,,Fail,,,,,,,,,,,,,,-13.2,17.9,-125,,,,040007FF N100 N100,45,,,1200,ALT,107,17,15,28.8,92,2310,21.2,12.5,0,6,7.0,-13,27,,0.00,0.01,330,339,326,340,1370,1370,1340,1380,0,60,,,101
2022-02-27,12:13:29,20:13:29,-08:00,+37.5095038,-122.4914985,55,3DDiff,72827.2,0.0,,0,0,-0.00,297.4,1.7,9,-378,6,-6,17.5,17,11.95,0.05,-0.003,0.981,+0.270,,154,,,,30.34,122.800,GPS1,,,,,,,,,ENR,,,,,Fail,,,,,,,,,,,,,,-13.2,17.9,-123,,,,040007FF N100 N100,39,,,1200,ALT,108,17,15,27.9,92,2310,21.3,12.5,0,6,7.0,-13,27,,0.00,0.01,331,340,327,341,1370,1370,1340,1380,0,60,,,101
2022-02-27,12:13:30,20:13:30,-08:00,+37.5095038,-122.4914982,55,3DDiff,72828.2,0.0,,0,0,0.00,297.2,1.6,10,-381,5,-12,17.2,16,11.77,-0.01,-0.020,0.977,+0.430,,154,,,,30.34,122.800,GPS1,,,,,,,,,ENR,,,,,Fail,,,,,,,,,,,,,,-13.2,17.9,-124,,,,040007FF N100 N100,38,,,1200,ALT,108,17,15,27.5,92,2310,21.3,12.5,0,6,7.0,-13,27,,0.00,0.01,332,341,328,342,1370,1370,1340,1380,0,60,,,101
2022-02-27,12:13:31,20:13:31,-08:00,+37.5095033,-122.4914992,55,3DDiff,72829.2,0.0,,0,0,0.00,297.2,1.6,10,-379,5,65,17.7,17,11.79,0.03,0.000,0.950,+0.572,,154,,,,30.34,122.800,GPS1,,,,,,,,,ENR,,,,,Fail,,,,,,,,,,,,,,-13.2,17.9,-124,,,,040007FF N100 N100,42,,,1200,ALT,108,17,15,27.7,92,2310,21.3,12.5,0,6,7.0,-13,27,,0.00,0.01,333,342,329,343,1370,1370,1340,1380,0,60,,,101
2022-02-27,12:13:32,20:13:32,-08:00,+37.5095028,-122.4915004,55,3DDiff,72830.2,0.0,,0,0,0.00,297.3,1.6,10,-379,6,-6,17.2,17,11.93,-0.07,0.015,0.948,+0.706,,154,,,,30.34,122.800,GPS1,,,,,,,,,ENR,,,,,Fail,,,,,,,,,,,,,,-13.2,17.9,-123,,,,040007FF N100 N100,36,,,1200,ALT,109,17,15,29.0,92,2310,21.3,12.5,0,6,7.0,-13,27,,0.00,0.01,334,343,330,344,1370,1370,1340,1380,0,60,,,101
2022-02-27,12:13:33,20:13:33,-08:00,+37.5095023,-122.4915017,55,3DDiff,72831.2,0.0,,0,0,0.00,297.4,1.6,10,-377,7,79,15.8,15,12.05,-0.07,-0.004,1.013,+0.699,,154,,,,30.34,122.800,GPS1,,,,,,,,,ENR,,,,,Fail,,,,,,,,,,,,,,-13.2,17.9,-122,,,,040007FF N100 N100,48,,,1200,ALT,109,17,15,30.3,92,2310,21.2,12.5,0,6,7.0,-13,27,,0.00,0.01,335,345,331,346,1370,1370,1340,1380,0,60,,,101
2022-02-27,12:13:34,20:13:34,-08:00,+37.5095020,-122.4915023,55,3DDiff,72832.2,0.0,,0,0,0.00,297.3,1.6,10,-378,8,-39,14.6,13,11.98,-0.01,0.025,0.954,+0.749,,154,,,,30.34,122.800,GPS1,,,,,,,,,ENR,,,,,Fail,,,,,,,,,,,,,,-13.2,17.9,-121,,,,040007FF N100 N100,38,,,1200,ALT,109,17,15,30.8,92,2310,21.1,12.5,0,6,7.0,-13,27,,0.00,0.01,336,345,332,346,1370,1370,1340,1380,0,60,,,101
2022-02-27,12:13:35,20:13:35,-08:00,+37.5095020,-122.4915023,55,3DDiff,72833.2,0.0,,0,0,-0.00,297.2,1.6,10,-377,7,47,15.5,14,11.83,0.01,-0.010,1.005,+0.799,,154,,,,30.34,122.800,GPS1,,,,,,,,,ENR,,,,,Fail,,,,,,,,,,,,,,-13.2,17.9,-124,,,,040007FF N100 N100,38,,,1200,ALT,109,17,15,31.2,92,2310,21.1,12.5,0,6,7.0,-13,27,,0.00,0.01,337,347,333,348,1370,1370,1340,1380,0,60,,,101
2022-02-27,12:13:36,20:13:36,-08:00,+37.5095020,-122.4915024,55,3DDiff,72834.2,0.0,,0,0,0.00,297.2,1.6,10,-379,7,-11,16.5,15,11.81,0.11,0.005,0.922,+0.870,,154,,,,30.34,122.800,GPS1,,,,,,,,,ENR,,,,,Fail,,,,,,,,,,,,,,-13.2,17.9,-124,,,,040007FF N100 N100,44,,,1200,ALT,110,17,15,31.3,92,2310,21.1,12.5,0,6,7.0,-13,27,,0.00,0.01,338,348,334,349,1370,1370,1340,1380,0,60,,,101
2022-02-27,12:13:37,20:13:37,-08:00,+37.5095020,-122.4915024,55,3DDiff,72835.2,0.0,,0,0,0.00,297.2,1.6,10,-378,7,28,17.4,16,11.87,0.06,-0.017,0.981,+0.934,,154,,,,30.34,122.800,GPS1,,,,,,,,,ENR,,,,,Fail,,,,,,,,,,,,,,-13.2,17.9,-126,,,,040007FF N100 N100,52,,,1200,ALT,110,17,15,30.9,92,2310,21.1,12.5,0,6,7.0,-13,27,,0.00,0.01,338,349,334,350,1370,1370,1340,1380,0,60,,,101
2022-02-27,12:13:38,20:13:38,-08:00,+37.5095019,-122.4915024,55,3DDiff,72836.2,0.0,,0,0,0.00,297.2,1.6,10,-375,8,54,17.7,17,11.92,-0.02,-0.018,0.987,+0.969,,154,,,,30.34,122.800,GPS1,,,,,,,,,ENR,,,,,Fail,,,,,,,,,,,,,,-13.2,17.9,-126,,,,040007FF N100 N100,39,,,1200,ALT,110,17,15,29.7,92,2310,21.2,12.5,0,6,6.9,-13,27,,0.00,0.01,339,350,335,351,1370,1370,1340,1380,0,60,,,101
2022-02-27,12:13:39,20:13:39,-08:00,+37.5095019,-122.4915025,55,3DDiff,72837.2,0.0,,0,0,0.00,297.3,1.6,10,-379,8,-48,16.3,15,12.07,-0.02,-0.003,0.975,+0.967,,154,,,,30.34,122.800,GPS1,,,,,,,,,ENR,,,,,Fail,,,,,,,,,,,,,,-13.2,17.9,-127,,,,040007FF N100 N100,37,,,1200,ALT,111,17,15,28.9,92,2320,21.3,12.5,0,6,7.0,-13,27,,0.00,0.01,340,351,336,352,1370,1370,1340,1380,0,60,,,101
2022-02-27,12:13:40,20:13:40,-08:00,+37.5095019,-122.4915025,55,3DDiff,72838.2,0.0,,0,0,-0.00,297.4,1.6,10,-379,7,-14,15.6,14,12.15,0.04,0.020,0.972,+0.777,,154,,,,30.34,122.800,GPS1,,,,,,,,,ENR,,,,,Fail,,,,,,,,,,,,,,-13.2,17.9,-130,,,,040007FF N100 N100,35,,,1200,ALT,111,17,15,29.7,91,2320,21.3,12.5,0,6,7.0,-13,27,,0.00,0.01,341,352,337,352,1370,1370,1340,1380,0,60,,,101
2022-02-27,12:13:41,20:13:41,-08:00,+37.5095019,-122.4915025,55,3DDiff,72839.2,0.0,,0,0,0.00,297.5,1.6,10,-382,5,-70,14.7,13,12.08,0.05,0.017,0.973,+0.563,,154,,,,30.34,122.800,GPS1,,,,,,,,,ENR,,,,,Fail,,,,,,,,,,,,,,-13.2,17.8,-133,,,,040007FF N100 N100,39,,,1200,ALT,111,17,15,30.6,91,2310,21.2,12.5,0,6,7.0,-13,27,,0.00,0.01,341,353,338,353,1370,1375,1340,1380,0,60,,,101
2022-02-27,12:13:42,20:13:42,-08:00,+37.5095018,-122.4915026,55,3DDiff,72840.2,0.0,,0,0,0.00,297.5,1.6,10,-382,4,-7,15.2,14,12.03,0.04,0.016,1.002,+0.390,,154,,,,30.34,122.800,GPS1,,,,,,,,,ENR,,,,,Fail,,,,,,,,,,,,,,-13.2,17.8,-135,,,,040007FF N100 N100,34,,,1200,ALT,111,17,15,31.0,91,2310,21.2,12.5,0,6,7.0,-13,27,,0.00,0.01,342,353,338,354,1370,1375,1340,1380,0,60,,,101
2022-02-27,12:13:43,20:13:43,-08:00,+37.5095018,-122.4915026,55,3DDiff,72841.2,0.0,,0,0,0.00,297.5,1.6,10,-380,4,23,14.9,14,12.06,-0.04,-0.013,0.982,+0.344,,154,,,,30.34,122.800,GPS1,,,,,,,,,ENR,,,,,Fail,,,,,,,,,,,,,,-13.2,17.8,-136,,,,040007FF N100 N100,37,,,1200,ALT,112,17,15,31.3,91,2310,21.2,12.5,0,6,7.0,-13,27,,0.00,0.01,343,354,339,355,1375,1375,1345,1380,0,60,,,101
2022-02-27,12:13:44,20:13:44,-08:00,+37.5095018,-122.4915026,55,3DDiff,72842.2,0.0,,0,0,0.00,297.5,1.6,10,-380,5,-38,14.4,13,12.05,-0.01,-0.018,1.033,-0.039,,154,,,,30.34,122.800,GPS1,,,,,,,,,ENR,,,,,Fail,,,,,,,,,,,,,,-13.2,17.8,-136,,,,040007FF N100 N100,40,,,1200,ALT,112,17,15,31.4,91,2310,21.1,12.5,0,6,7.0,-13,27,,0.00,0.01,343,355,340,356,1375,1375,1345,1380,0,60,,,101
2022-02-27,12:13:45,20:13:45,-08:00,+37.5095018,-122.4915026,55,3DDiff,72843.2,0.0,,0,0,0.00,297.6,1.6,10,-383,4,-29,13.1,12,12.01,0.26,0.037,0.972,-0.180,,154,,,,30.34,122.800,GPS1,,,,,,,,,ENR,,,,,Fail,,,,,,,,,,,,,,-13.2,17.8,-138,,,,040007FF N100 N100,47,,,1200,ALT,112,17,15,31.4,91,2310,21.1,12.5,0,6,7.0,-13,27,,0.00,0.01,344,356,341,357,1375,1375,1345,1380,0,60,,,101
2022-02-27,12:13:46,20:13:46,-08:00,+37.5095018,-122.4915026,55,3DDiff,72844.2,0.0,,0,0,0.00,297.6,1.6,10,-384,3,-69,13.0,11,11.97,0.39,0.012,0.982,-0.056,,154,,,,30.34,122.800,GPS1,,,,,,,,,ENR,,,,,Fail,,,,,,,,,,,,,,-13.2,17.8,-139,,,,040007FF N100 N100,58,,,1200,ALT,112,17,15,31.5,91,2310,21.1,12.5,0,6,7.0,-13,27,,0.00,0.01,345,357,341,358,1370,1375,1345,1380,0,60,,,101
2022-02-27,12:13:47,20:13:47,-08:00,+37.5095019,-122.4915026,55,3DDiff,72845.2,0.0,,0,0,-0.00,297.8,1.6,10,-382,2,10,12.4,12,12.07,0.29,0.015,0.984,-0.174,,154,,,,30.34,122.800,GPS1,,,,,,,,,ENR,,,,,Fail,,,,,,,,,,,,,,-13.2,17.8,-140,,,,040007FF N100 N100,43,,,1200,ALT,112,17,15,31.3,91,2310,21.1,12.5,0,6,7.0,-13,27,,0.00,0.01,346,358,342,359,1370,1375,1345,1380,0,60,,,101
2022-02-27,12:13:48,20:13:48,-08:00,+37.5095019,-122.4915026,55,3DDiff,72846.2,0.0,,0,0,0.00,297.7,1.6,10,-385,2,20,12.8,12,11.98,0.18,0.004,0.990,-0.099,,154,,,,30.34,122.800,GPS1,,,,,,,,,ENR,,,,,Fail,,,,,,,,,,,,,,-13.2,17.8,-141,,,,040007FF N100 N100,41,,,1200,ALT,113,17,15,31.0,91,2310,21.2,12.5,0,6,7.0,-13,27,,0.00,0.01,346,359,343,360,1370,1375,1345,1380,0,60,,,101
2022-02-27,12:13:49,20:13:49,-08:00,+37.5095019,-122.4915026,55,3DDiff,72847.2,0.0,,0,0,0.00,297.6,1.6,10,-378,3,168,12.4,12,11.99,0.10,-0.004,0.982,+0.024,,154,,,,30.34,122.800,GPS1,,,,,,,,,ENR,,,,,Fail,,,,,,,,,,,,,,-13.2,17.8,-139,,,,040007FF N100 N100,44,,,1200,ALT,113,17,15,30.6,91,2310,21.2,12.5,0,6,7.0,-13,27,,0.00,0.01,347,359,344,360,1370,1375,1345,1380,0,60,,,101
2022-02-27,12:13:50,20:13:50,-08:00,+37.5095018,-122.4915027,55,3DDiff,72848.2,0.0,,0,0,-0.00,297.6,1.6,10,-379,6,21,13.9,13,11.95,0.09,0.005,0.979,-0.256,,154,,,,30.34,122.800,GPS1,,,,,,,,,ENR,,,,,Fail,,,,,,,,,,,,,,-13.2,17.8,-135,,,,040007FF N100 N100,53,,,1200,ALT,113,17,15,29.8,91,2310,21.3,12.5,0,6,7.0,-13,27,,0.00,0.01,348,360,344,361,1370,1375,1345,1380,0,60,,,101
2022-02-27,12:13:51,20:13:51,-08:00,+37.5095018,-122.4915027,55,3DDiff,72849.2,0.0,,0,0,-0.00,297.7,1.6,10,-380,5,31,14.7,13,12.18,0.14,0.025,0.949,-0.235,,154,,,,30.34,122.800,GPS1,,,,,,,,,ENR,,,,,Fail,,,,,,,,,,,,,,-13.2,17.8,-136,,,,040007FF N100 N100,39,,,1200,ALT,113,17,15,29.0,91,2310,21.4,12.5,0,6,7.0,-13,27,,0.00,0.01,348,361,345,362,1370,1375,1345,1380,0,60,,,101
2022-02-27,12:13:52,20:13:52,-08:00,+37.5095018,-122.4915027,55,3DDiff,72850.2,0.0,,0,0,-0.00,297.6,1.6,10,-377,6,62,16.4,15,12.04,0.21,0.001,0.973,-0.064,,154,,,,30.34,122.800,GPS1,,,,,,,,,ENR,,,,,Fail,,,,,,,,,,,,,,-13.2,17.8,-136,,,,040007FF N100 N100,36,,,1200,ALT,113,17,15,28.8,91,2310,21.4,12.5,0,6,7.0,-13,27,,0.00,0.01,349,362,346,363,1370,1375,1345,1380,0,60,,,101
2022-02-27,12:13:53,20:13:53,-08:00,+37.5095018,-122.4915028,55,3DDiff,72851.2,0.0,,0,0,0.00,297.7,1.6,10,-382,6,-129,16.2,15,12.01,0.22,0.000,0.986,+0.171,,154,,,,30.34,122.800,GPS1,,,,,,,,,ENR,,,,,Fail,,,,,,,,,,,,,,-13.2,17.8,-136,,,,040007FF N100 N100,46,,,1200,ALT,114,17,15,28.9,91,2300,21.2,12.5,0,6,6.9,-13,27,,0.00,0.01,349,363,347,364,1370,1375,1345,1380,0,60,,,101
2022-02-27,12:13:54,20:13:54,-08:00,+37.5095018,-122.4915028,55,3DDiff,72852.2,0.0,,0,0,0.00,297.7,1.6,10,-383,4,-80,14.9,13,11.99,0.19,-0.010,0.975,+0.455,,154,,,,30.34,122.800,GPS1,,,,,,,,,ENR,,,,,Fail,,,,,,,,,,,,,,-13.2,17.8,-139,,,,040007FF N100 N100,39,,,1200,ALT,114,17,15,30.0,91,2290,21.0,12.5,0,6,6.8,-13,27,,0.00,0.01,350,364,347,365,1370,1375,1345,1380,0,59,,,101
2022-02-27,12:13:55,20:13:55,-08:00,+37.5095018,-122.4915028,55,3DDiff,72853.3,0.0,,0,0,-0.00,297.6,1.6,10,-383,3,-39,14.5,13,11.94,0.15,-0.010,0.987,+0.589,,154,,,,30.34,122.800,GPS1,,,,,,,,,ENR,,,,,Fail,,,,,,,,,,,,,,-13.2,17.8,-141,,,,040007FF N100 N100,35,,,1200,ALT,114,17,15,30.3,91,2290,20.9,12.5,0,6,6.8,-13,27,,0.00,0.01,351,364,348,365,1375,1375,1345,1380,0,58,,,101
2022-02-27,12:13:56,20:13:56,-08:00,+37.5095018,-122.4915028,55,3DDiff,72854.2,0.0,,0,0,0.00,297.6,1.6,10,-384,2,-53,14.1,12,11.91,0.07,0.018,0.977,+0.498,,154,,,,30.34,122.800,GPS1,,,,,,,,,ENR,,,,,Fail,,,,,,,,,,,,,,-13.2,17.8,-142,,,,040007FF N100 N100,49,,,1200,ALT,114,17,15,29.7,90,2290,20.8,12.5,0,6,6.7,-13,27,,0.00,0.01,351,365,348,366,1375,1375,1345,1385,0,58,,,101
2022-02-27,12:13:57,20:13:57,-08:00,+37.5095018,-122.4915028,55,3DDiff,72855.3,0.0,,0,0,-0.00,297.6,1.6,10,-381,3,26,14.4,13,11.92,0.07,0.024,0.887,+0.493,,154,,,,30.34,122.800,GPS1,,,,,,,,,ENR,,,,,Fail,,,,,,,,,,,,,,-13.2,17.8,-142,,,,040007FF N100 N100,58,,,1200,ALT,115,17,15,30.3,90,2290,20.7,12.5,0,6,6.7,-13,27,,0.00,0.01,352,366,349,367,1375,1375,1345,1385,0,57,,,101
2022-02-27,12:13:58,20:13:58,-08:00,+37.5095018,-122.4915028,55,3DDiff,72856.2,0.0,,0,0,-0.00,297.5,1.6,10,-377,5,111,15.9,15,12.01,0.05,0.004,0.993,+0.656,,154,,,,30.34,122.800,GPS1,,,,,,,,,ENR,,,,,Fail,,,,,,,,,,,,,,-13.2,17.8,-140,,,,040007FF N100 N100,40,,,1200,ALT,115,17,15,30.9,90,2290,20.7,12.5,0,6,6.7,-13,27,,0.00,0.01,352,367,350,368,1375,1375,1345,1385,0,57,,,101
2022-02-27,12:13:59,20:13:59,-08:00,+37.5095018,-122.4915028,55,3DDiff,72857.2,0.0,,0,0,0.00,297.6,1.6,10,-379,6,6,15.3,14,12.13,0.09,0.005,0.988,+0.822,,154,,,,30.34,122.800,GPS1,,,,,,,,,ENR,,,,,Fail,,,,,,,,,,,,,,-13.2,17.8,-138,,,,040007FF N100 N100,33,,,1200,ALT,115,17,15,30.0,90,2290,20.7,12.5,0,6,6.7,-13,27,,0.00,0.01,353,367,350,368,1375,1375,1345,1385,0,57,,,101
2022-02-27,12:14:00,20:14:00,-08:00,+37.5095018,-122.4915028,55,3DDiff,72858.2,0.0,,0,0,-0.00,297.7,1.6,10,-381,6,-45,14.3,13,12.10,0.11,-0.021,0.972,+1.009,,154,,,,30.34,122.800,GPS1,,,,,,,,,ENR,,,,,Fail,,,,,,,,,,,,,,-13.2,17.8,-139,,,,040007FF N100 N100,38,,,1200,ALT,115,17,15,29.3,90,2300,20.7,12.5,0,6,6.7,-13,27,,0.00,0.01,353,368,351,369,1375,1375,1345,1385,0,57,,,101
2022-02-27,12:14:01,20:14:01,-08:00,+37.5095018,-122.4915028,55,3DDiff,72859.2,0.0,,0,0,0.00,297.7,1.6,10,-381,5,-50,14.0,13,12.05,0.12,0.003,0.931,+0.777,,154,,,,30.34,122.800,GPS1,,,,,,,,,ENR,,,,,Fail,,,,,,,,,,,,,,-13.2,17.8,-139,,,,040007FF N100 N100,46,,,1200,ALT,115,17,15,29.6,90,2300,20.7,12.5,0,6,6.7,-13,27,,0.00,0.01,354,369,352,370,1375,1375,1345,1385,0,57,,,101
2022-02-27,12:14:02,20:14:02,-08:00,+37.5095018,-122.4915029,55,3DDiff,72860.2,0.0,,0,0,-0.00,297.7,1.6,10,-377,6,92,13.3,12,11.96,0.13,0.043,0.970,+0.523,,154,,,,30.34,122.800,GPS1,,,,,,,,,ENR,,,,,Fail,,,,,,,,,,,,,,-13.2,17.8,-138,,,,040007FF N100 N100,42,,,1200,ALT,116,17,15,30.4,90,2300,20.7,12.5,0,6,6.7,-13,27,,0.00,0.01,355,369,352,371,1375,1375,1345,1385,0,57,,,101
2022-02-27,12:14:03,20:14:03,-08:00,+37.5095018,-122.4915029,55,3DDiff,72861.2,0.0,,0,0,-0.00,297.6,1.6,10,-376,8,69,15.1,14,11.94,0.08,0.006,0.948,+0.095,,154,,,,30.34,122.800,GPS1,,,,,,,,,ENR,,,,,Fail,,,,,,,,,,,,,,-13.2,17.8,-136,,,,040007FF N100 N100,46,,,1200,ALT,116,17,15,30.7,90,2290,20.7,12.5,0,6,6.7,-13,27,,0.00,0.01,355,370,353,371,1375,1375,1345,1385,0,57,,,101
2022-02-27,12:14:04,20:14:04,-08:00,+37.5095018,-122.4915029,55,3DDiff,72862.2,0.0,,0,0,0.00,297.7,1.6,10,-379,8,-37,15.6,15,11.99,0.02,-0.000,0.975,-0.046,,154,,,,30.34,122.800,GPS1,,,,,,,,,ENR,,,,,Fail,,,,,,,,,,,,,,-13.2,17.8,-136,,,,040007FF N100 N100,41,,,1200,ALT,116,17,15,29.8,90,2290,20.7,12.5,0,6,6.7,-13,27,,0.00,0.01,355,371,353,372,1375,1375,1345,1385,0,57,,,101
2022-02-27,12:14:05,20:14:05,-08:00,+37.5095018,-122.4915030,55,3DDiff,72863.2,0.0,,0,0,0.00,297.6,1.6,10,-380,6,-72,15.4,14,11.89,0.02,-0.009,0.956,+0.100,,154,,,,30.34,122.800,GPS1,,,,,,,,,ENR,,,,,Fail,,,,,,,,,,,,,,-13.2,17.8,-137,,,,040007FF N100 N100,38,,,1200,ALT,116,17,15,30.1,90,2290,20.7,12.5,0,6,6.7,-13,27,,0.00,0.01,356,371,354,373,1375,1375,1345,1385,0,57,,,101
2022-02-27,12:14:06,20:14:06,-08:00,+37.5095018,-122.4915030,55,3DDiff,72864.2,0.0,,0,0,0.00,297.6,1.6,10,-381,5,-27,16.0,15,11.96,0.05,0.017,0.965,+0.255,,154,,,,30.34,122.800,GPS1,,,,,,,,,ENR,,,,,Fail,,,,,,,,,,,,,,-13.2,17.8,-139,,,,040007FF N100 N100,36,,,1200,ALT,117,17,15,30.8,90,2290,20.7,12.5,0,6,6.7,-13,27,,0.00,0.01,356,372,354,373,1375,1375,1345,1385,0,57,,,101
2022-02-27,12:14:07,20:14:07,-08:00,+37.5095018,-122.4915030,55,3DDiff,72865.2,0.0,,0,0,0.00,297.6,1.6,10,-383,4,-74,16.4,15,11.94,-0.03,0.013,0.989,+0.488,,154,,,,30.34,122.800,GPS1,,,,,,,,,ENR,,,,,Fail,,,,,,,,,,,,,,-13.2,17.8,-140,,,,040007FF N100 N100,45,,,1200,ALT,117,17,15,31.1,90,2290,20.6,12.5,0,6,6.7,-13,27,,0.00,0.01,357,373,355,374,1375,1375,1345,1385,0,57,,,101
2022-02-27,12:14:08,20:14:08,-08:00,+37.5095018,-122.4915030,55,3DDiff,72866.2,0.0,,0,0,0.00,297.6,1.6,10,-378,4,100,15.9,14,11.98,-0.08,0.027,0.950,+0.914,,154,,,,30.34,122.800,GPS1,,,,,,,,,ENR,,,,,Fail,,,,,,,,,,,,,,-13.2,17.8,-139,,,,040007FF N100 N100,31,,,1200,ALT,117,17,15,29.9,90,2290,20.6,12.5,0,6,6.7,-13,27,,0.00,0.01,357,373,355,375,1375,1375,1345,1385,0,57,,,101
2022-02-27,12:14:09,20:14:09,-08:00,+37.5095018,-122.4915031,55,3DDiff,72867.2,0.0,,0,0,0.00,297.7,1.6,10,-379,7,-14,16.1,14,12.03,-0.03,0.004,1.000,+1.147,,154,,,,30.34,122.800,GPS1,,,,,,,,,ENR,,,,,Fail,,,,,,,,,,,,,,-13.2,17.8,-136,,,,040007FF N100 N100,46,,,1200,ALT,117,17,15,29.9,90,2290,20.7,12.5,0,6,6.7,-13,27,,0.00,0.01,358,374,356,375,1375,1375,1345,1390,0,57,,,101
2022-02-27,12:14:10,20:14:10,-08:00,+37.5095018,-122.4915031,55,3DDiff,72868.2,0.0,,0,0,0.00,297.6,1.6,10,-378,6,47,15.9,14,11.95,0.01,-0.001,1.016,+1.265,,154,,,,30.34,122.800,GPS1,,,,,,,,,ENR,,,,,Fail,,,,,,,,,,,,,,-13.2,17.8,-137,,,,040007FF N100 N100,30,,,1200,ALT,117,17,15,30.5,90,2290,20.7,12.5,0,6,6.7,-13,27,,0.00,0.01,358,375,356,376,1375,1370,1345,1390,0,57,,,101
2022-02-27,12:14:11,20:14:11,-08:00,+37.5095018,-122.4915031,55,3DDiff,72869.2,0.0,,0,0,0.00,297.5,1.6,10,-380,6,-18,14.9,14,11.91,0.00,0.010,0.944,+1.188,,154,,,,30.34,122.800,GPS1,,,,,,,,,ENR,,,,,Fail,,,,,,,,,,,,,,-13.2,17.8,-135,,,,040007FF N100 N100,32,,,1200,ALT,118,17,15,30.0,90,2290,20.7,12.5,0,6,6.7,-13,27,,0.00,0.01,358,375,357,377,1375,1370,1345,1385,0,57,,,101
2022-02-27,12:14:12,20:14:12,-08:00,+37.5095018,-122.4915031,55,3DDiff,72870.2,0.0,,0,0,0.00,297.5,1.6,10,-380,6,-21,14.5,14,11.90,-0.04,-0.009,1.021,+0.954,,154,,,,30.34,122.800,GPS1,,,,,,,,,ENR,,,,,Fail,,,,,,,,,,,,,,-13.2,17.8,-134,,,,040007FF N100 N100,47,,,1200,ALT,118,17,15,30.0,90,2290,20.7,12.5,0,6,6.7,-13,27,,0.00,0.01,359,376,357,377,1375,1370,1345,1385,0,57,,,101
2022-02-27,12:14:13,20:14:13,-08:00,+37.5095018,-122.4915032,55,3DDiff,72871.2,0.0,,0,0,0.00,297.6,1.6,10,-381,5,-37,14.2,14,11.90,0.07,0.004,0.976,+0.768,,154,,,,30.34,122.800,GPS1,,,,,,,,,ENR,,,,,Fail,,,,,,,,,,,,,,-13.2,17.8,-134,,,,040007FF N100 N100,47,,,1200,ALT,118,17,15,30.5,90,2290,20.7,12.5,0,6,6.7,-13,27,,0.00,0.01,359,377,358,378,1375,1370,1345,1385,0,57,,,101
2022-02-27,12:14:14,20:14:14,-08:00,+37.5095018,-122.4915032,55,3DDiff,72872.2,0.0,,0,0,0.00,297.5,1.6,10,-383,4,-49,13.8,13,11.82,0.06,0.006,0.997,+0.630,,154,,,,30.34,122.800,GPS1,,,,,,,,,ENR,,,,,Fail,,,,,,,,,,,,,,-13.2,17.9,-134,,,,040007FF N100 N100,35,,,1200,ALT,118,17,15,30.9,90,2290,20.7,12.5,0,6,6.7,-13,27,,0.00,0.01,360,377,358,379,1375,1370,1345,1385,0,57,,,101
2022-02-27,12:14:15,20:14:15,-08:00,+37.5095018,-122.4915032,55,3DDiff,72873.2,0.0,,0,0,0.00,297.3,1.6,10,-380,4,40,13.4,12,11.77,0.04,0.011,0.941,+0.473,,154,,,,30.34,122.800,GPS1,,,,,,,,,ENR,,,,,Fail,,,,,,,,,,,,,,-13.2,17.9,-132,,,,040007FF N100 N100,42,,,1200,ALT,119,17,15,30.0,90,2290,20.7,12.5,0,6,6.7,-13,27,,0.00,0.01,360,378,359,379,1375,1370,1345,1385,0,57,,,101
2022-02-27,12:14:16,20:14:16,-08:00,+37.5095018,-122.4915033,55,3DDiff,72874.2,0.0,,0,0,0.00,297.4,1.6,10,-378,6,80,13.4,12,11.83,-0.05,-0.020,0.985,+0.177,,154,,,,30.34,122.800,GPS1,,,,,,,,,ENR,,,,,Fail,,,,,,,,,,,,,,-13.2,17.9,-127,,,,040007FF N100 N100,45,,,1200,ALT,119,17,15,29.2,90,2290,20.7,12.5,0,6,6.7,-13,27,,0.00,0.01,361,379,359,380,1375,1370,1345,1385,0,57,,,101
2022-02-27,12:14:17,20:14:17,-08:00,+37.5095018,-122.4915033,55,3DDiff,72875.2,0.0,,0,0,0.00,297.5,1.6,10,-377,7,39,13.3,12,11.80,0.05,0.029,0.945,+0.102,,154,,,,30.34,122.800,GPS1,,,,,,,,,ENR,,,,,Fail,,,,,,,,,,,,,,-13.2,17.9,-124,,,,040007FF N100 N100,47,,,1200,ALT,119,17,15,29.7,90,2290,20.7,12.5,0,6,6.7,-13,27,,0.00,0.01,361,379,360,381,1375,1370,1350,1385,0,57,,,101
2022-02-27,12:14:18,20:14:18,-08:00,+37.5095018,-122.4915033,55,3DDiff,72876.2,0.0,,0,0,0.00,297.5,1.6,10,-380,7,-40,14.8,14,11.81,0.11,0.007,0.965,+0.110,,154,,,,30.34,122.800,GPS1,,,,,,,,,ENR,,,,,Fail,,,,,,,,,,,,,,-13.2,17.9,-124,,,,040007FF N100 N100,34,,,1200,ALT,119,17,15,30.4,90,2240,20.2,12.5,0,6,6.5,-13,27,,0.00,0.01,362,380,361,382,1375,1375,1350,1390,0,57,,,101
2022-02-27,12:14:19,20:14:19,-08:00,+37.5095018,-122.4915033,55,3DDiff,72877.2,0.0,,0,0,0.00,297.6,1.6,10,-384,4,-109,15.2,15,11.80,0.10,-0.026,0.951,+0.121,,154,,,,30.34,122.800,GPS1,,,,,,,,,ENR,,,,,Fail,,,,,,,,,,,,,,-13.2,17.9,-125,,,,040007FF N100 N100,44,,,1200,ALT,120,17,15,30.6,90,2040,18.6,12.5,0,6,5.7,-13,27,,0.00,0.01,362,381,361,382,1385,1380,1365,1395,0,53,,,101
2022-02-27,12:14:20,20:14:20,-08:00,+37.5095018,-122.4915033,55,3DDiff,72878.2,0.0,,0,0,0.00,297.6,1.6,10,-384,2,-113,13.7,13,11.90,0.04,0.011,0.977,+0.264,,154,,,,30.34,122.800,GPS1,,,,,,,,,ENR,,,,,Fail,,,,,,,,,,,,,,-13.2,17.9,-126,,,,040007FF N100 N100,30,,,1200,ALT,120,17,15,30.7,86,1870,16.8,12.5,0,6,4.7,-13,27,,0.00,0.01,362,381,361,383,1385,1380,1365,1395,0,45,,,101
2022-02-27,12:14:21,20:14:21,-08:00,+37.5095018,-122.4915033,55,3DDiff,72879.2,0.0,,0,0,-0.00,297.5,1.7,9,-387,-0,-71,12.0,12,11.86,0.10,-0.030,0.981,+0.458,,154,,,,30.34,122.800,GPS1,,,,,,,,,ENR,,,,,Fail,,,,,,,,,,,,,,-13.2,18.0,-127,,,,040007FF N100 N100,43,,,1200,ALT,120,17,15,30.8,82,1780,15.6,12.5,0,6,4.2,-13,27,,0.00,0.01,362,381,361,383,1380,1375,1360,1385,0,39,,,101
2022-02-27,12:14:22,20:14:22,-08:00,+37.5095018,-122.4915033,55,3DDiff,72880.2,0.0,,0,0,0.00,297.6,1.7,9,-386,-1,-70,10.7,10,11.90,0.11,0.017,0.961,+0.636,,154,,,,30.34,122.800,GPS1,,,,,,,,,ENR,,,,,Fail,,,,,,,,,,,,,,-13.2,18.0,-127,,,,040007FF N100 N100,47,,,1200,ALT,121,17,15,30.9,79,1710,14.9,12.5,0,6,3.8,-13,27,,0.00,0.01,362,381,361,383,1375,1370,1355,1380,0,35,,,101
2022-02-27,12:14:23,20:14:23,-08:00,+37.5095018,-122.4915034,55,3DDiff,72881.2,0.0,,0,0,-0.00,297.5,1.7,9,-388,-2,-51,8.7,8,11.86,0.03,-0.018,0.977,+0.849,,154,,,,30.34,122.800,GPS1,,,,,,,,,ENR,,,,,Fail,,,,,,,,,,,,,,-13.2,18.0,-127,,,,040007FF N100 N100,45,,,1200,ALT,121,17,15,31.0,76,1670,14.5,12.5,0,6,3.5,-13,27,,0.00,0.01,362,381,361,383,1365,1360,1345,1365,0,32,,,101
2022-02-27,12:14:24,20:14:24,-08:00,+37.5095018,-122.4915034,55,3DDiff,72882.2,0.0,,0,0,0.00,297.3,1.7,9,-388,-3,-6,8.0,8,11.65,-0.17,0.036,0.967,+1.001,,154,,,,30.34,122.800,GPS1,,,,,,,,,ENR,,,,,Fail,,,,,,,,,,,,,,-13.2,18.0,-127,,,,040007FF N100 N100,41,,,1200,ALT,121,17,15,31.0,74,1630,14.3,12.5,0,6,3.4,-13,27,,0.00,0.01,362,381,361,383,1355,1350,1335,1355,0,30,,,101
2022-02-27,12:14:25,20:14:25,-08:00,+37.5095018,-122.4915034,56,3DDiff,72883.2,0.0,,0,0,0.00,297.4,1.7,9,-387,-2,-14,8.7,8,11.68,0.01,0.001,0.979,+1.097,,154,,,,30.34,122.800,GPS1,,,,,,,,,ENR,,,,,Fail,,,,,,,,,,,,,,-13.2,18.0,-127,,,,040007FF N100 N100,39,,,1200,ALT,121,17,15,31.3,73,1590,14.0,12.5,0,6,3.2,-13,27,,0.00,0.01,361,381,360,383,1345,1340,1325,1345,0,29,,,101
2022-02-27,12:14:26,20:14:26,-08:00,+37.5095018,-122.4915035,56,3DDiff,72884.2,0.0,,0,0,0.00,297.4,1.7,9,-388,-3,-35,9.6,9,11.61,0.06,-0.006,0.978,+1.141,,154,,,,30.34,122.800,GPS1,,,,,,,,,ENR,,,,,Fail,,,,,,,,,,,,,,-13.2,18.0,-126,,,,040007FF N100 N100,61,,,1200,ALT,121,17,15,30.2,71,1560,13.9,12.5,0,6,3.0,-13,27,,0.00,0.01,361,381,360,383,1340,1330,1320,1335,0,27,,,101
2022-02-27,12:14:27,20:14:27,-08:00,+37.5095018,-122.4915035,56,3DDiff,72885.2,0.0,,0,0,0.00,297.2,1.7,9,-389,-3,-20,9.5,9,11.50,-0.08,-0.030,0.988,+1.170,,154,,,,30.34,122.800,GPS1,,,,,,,,,ENR,,,,,Fail,,,,,,,,,,,,,,-13.2,18.0,-126,,,,040007FF N100 N100,44,,,1200,ALT,121,17,15,28.5,70,1530,13.7,12.5,0,6,2.7,-13,27,,0.00,0.01,360,380,359,382,1330,1320,1315,1325,0,25,,,101
2022-02-27,12:14:28,20:14:28,-08:00,+37.5095018,-122.4915035,56,3DDiff,72886.2,0.0,,0,0,0.00,297.3,1.7,9,-389,-4,-4,7.8,8,11.65,-0.02,-0.030,0.952,+1.172,,154,,,,30.34,122.800,GPS1,,,,,,,,,ENR,,,,,Fail,,,,,,,,,,,,,,-13.2,18.0,-125,,,,040007FF N100 N100,23,,,1200,ALT,121,17,15,28.2,70,1510,13.6,12.5,0,6,2.6,-13,27,,0.00,0.01,360,380,359,382,1320,1310,1315,1315,0,24,,,101
2022-02-27,12:14:29,20:14:29,-08:00,+37.5095018,-122.4915036,56,3DDiff,72887.2,0.0,,0,0,0.00,297.5,1.7,9,-388,-3,22,7.9,8,11.85,0.13,-0.017,0.974,+1.094,,154,,,,30.34,122.800,GPS1,,,,,,,,,ENR,,,,,Fail,,,,,,,,,,,,,,-13.2,18.0,-124,,,,040007FF N100 N100,31,,,1200,ALT,121,17,15,29.6,69,1500,13.6,12.5,0,6,2.6,-13,27,,0.00,0.01,359,380,358,382,1315,1305,1305,1310,0,23,,,101
2022-02-27,12:14:30,20:14:30,-08:00,+37.5095018,-122.4915036,56,3DDiff,72888.2,0.0,,0,0,0.00,297.7,1.7,9,-387,-3,31,8.1,8,12.03,0.28,-0.041,0.988,+1.014,,154,,,,30.34,122.800,GPS1,,,,,,,,,ENR,,,,,Fail,,,,,,,,,,,,,,-13.2,18.0,-123,,,,040007FF N100 N100,48,,,1200,ALT,121,17,15,30.6,69,1500,13.6,12.5,0,6,2.5,-13,27,,0.00,0.01,358,379,358,382,1310,1300,1300,1300,0,22,,,101
2022-02-27,12:14:31,20:14:31,-08:00,+37.5095018,-122.4915036,56,3DDiff,72889.2,0.0,,0,0,0.00,298.0,1.2,9,-389,-3,-40,7.2,7,12.27,0.55,0.040,0.949,+0.977,,154,,,,30.34,122.800,GPS1,,,,,,,,,ENR,,,,,Fail,,,,,,,,,,,,,,-13.2,18.0,-123,,,,040007FF N100 N100,33,,,1200,ALT,121,17,15,30.5,68,1490,13.6,12.5,0,6,2.5,-13,27,,0.00,0.01,358,379,357,381,1305,1295,1295,1295,0,22,,,101
2022-02-27,12:14:32,20:14:32,-08:00,+37.5095018,-122.4915036,56,3DDiff,72890.2,0.0,,0,0,-0.00,297.9,1.2,9,-389,-4,3,7.0,6,12.16,0.49,0.023,0.984,+0.979,,154,,,,30.34,122.800,GPS1,,,,,,,,,ENR,,,,,Fail,,,,,,,,,,,,,,-13.2,18.0,-123,,,,040007FF N100 N100,41,,,1200,ALT,121,17,15,31.1,68,1490,13.6,12.5,0,6,2.5,-13,27,,0.00,0.01,357,378,357,381,1300,1285,1290,1290,0,21,,,101
2022-02-27,12:14:33,20:14:33,-08:00,+37.5095018,-122.4915037,56,3DDiff,72891.2,0.0,,0,0,0.00,297.7,1.2,9,-388,-3,7,6.8,6,11.87,0.28,0.021,1.004,+0.876,,154,,,,30.34,122.800,GPS1,,,,,,,,,ENR,,,,,Fail,,,,,,,,,,,,,,-13.2,18.0,-122,,,,040007FF N100 N100,45,,,1200,ALT,121,17,15,31.0,68,1490,13.7,12.5,0,6,2.5,-13,27,,0.00,0.01,357,378,356,381,1295,1280,1290,1285,0,21,,,101
2022-02-27,12:14:34,20:14:34,-08:00,+37.5095018,-122.4915037,56,3DDiff,72892.2,0.0,,0,0,-0.00,297.6,1.2,9,-389,-3,-9,7.9,7,11.65,0.26,-0.027,0.966,+0.814,,154,,,,30.34,122.800,GPS1,,,,,,,,,ENR,,,,,Fail,,,,,,,,,,,,,,-13.2,18.0,-122,,,,040007FF N100 N100,45,,,1200,ALT,121,17,15,31.0,68,1490,13.7,12.5,0,6,2.5,-13,27,,0.00,0.01,357,378,356,381,1290,1280,1285,1280,0,21,,,101
2022-02-27,12:14:35,20:14:35,-08:00,+37.5095018,-122.4915037,56,3DDiff,72893.2,0.0,,0,0,-0.00,297.7,1.2,9,-389,-4,11,9.4,9,11.77,0.50,0.024,0.973,+0.806,,154,,,,30.34,122.800,GPS1,,,,,,,,,ENR,,,,,Fail,,,,,,,,,,,,,,-13.2,18.0,-122,,,,040007FF N100 N100,30,,,1200,ALT,121,17,15,31.3,68,1490,13.7,12.5,0,6,2.5,-13,27,,0.00,0.01,356,378,356,380,1285,1275,1285,1280,0,21,,,101
2022-02-27,12:14:36,20:14:36,-08:00,+37.5095018,-122.4915037,56,3DDiff,72894.2,0.0,,0,0,0.00,297.5,1.2,9,-387,-3,22,9.9,9,11.57,0.28,-0.032,0.971,+0.795,,154,,,,30.34,122.800,GPS1,,,,,,,,,ENR,,,,,Fail,,,,,,,,,,,,,,-13.2,18.0,-120,,,,040007FF N100 N100,38,,,1200,ALT,121,17,15,31.0,68,1490,13.7,12.5,0,6,2.5,-13,27,,0.00,0.01,356,377,355,380,1285,1270,1285,1280,0,21,,,101
2022-02-27,12:14:37,20:14:37,-08:00,+37.5095018,-122.4915037,56,3DDiff,72895.2,0.0,,0,0,0.00,297.7,1.2,9,-389,-3,9,10.7,10,11.72,0.39,0.051,0.974,+0.819,,154,,,,30.34,122.800,GPS1,,,,,,,,,ENR,,,,,Fail,,,,,,,,,,,,,,-13.2,18.1,-119,,,,040007FF N100 N99,49,,,1200,ALT,121,17,15,31.3,68,1490,13.7,12.5,0,6,2.5,-13,27,,0.00,0.01,355,377,355,380,1280,1270,1285,1275,0,21,,,101
2022-02-27,12:14:38,20:14:38,-08:00,+37.5095018,-122.4915038,56,3DDiff,72896.2,0.0,,0,0,0.00,297.5,1.2,9,-387,-3,29,11.2,11,11.64,0.26,-0.003,0.967,+0.831,,154,,,,30.34,122.800,GPS1,,,,,,,,,ENR,,,,,Fail,,,,,,,,,,,,,,-13.2,18.1,-117,,,,040007FF N100 N99,62,,,1200,ALT,122,17,15,31.2,68,1370,13.8,12.5,0,6,2.3,-13,27,,0.00,0.01,355,377,355,380,1255,1240,1240,1240,0,21,,,101
2022-02-27,12:14:39,20:14:39,-08:00,+37.5095018,-122.4915038,56,3DDiff,72897.2,0.0,,0,0,-0.00,297.5,1.2,9,-390,-3,-66,10.3,10,11.76,0.11,-0.025,0.963,+0.850,,154,,,,30.34,122.800,GPS1,,,,,,,,,ENR,,,,,Fail,,,,,,,,,,,,,,-13.2,18.1,-116,,,,040007FF N100 N100,21,,,1200,ALT,122,17,15,31.9,65,990,15.2,12.5,0,6,1.6,-13,27,,0.00,0.01,354,377,354,380,1145,1140,1125,1135,0,18,,,101
2022-02-27,12:14:40,20:14:40,-08:00,+37.5095018,-122.4915038,56,3DDiff,72898.2,0.0,,0,0,0.00,297.6,1.2,9,-393,-5,-99,7.7,8,11.90,0.22,-0.005,0.970,+0.925,,154,,,,30.34,122.800,GPS1,,,,,,,,,ENR,,,,,Fail,,,,,,,,,,,,,,-13.2,18.1,-116,,,,040007FF N100 N100,67,,,1200,ALT,122,17,15,32.4,61,750,17.8,12.5,0,6,1.1,-13,27,,0.00,0.01,354,376,354,379,1070,1070,1055,1065,0,13,,,101
2022-02-27,12:14:41,20:14:41,-08:00,+37.5095018,-122.4915038,56,3DDiff,72899.2,0.0,,0,0,0.00,297.4,1.2,9,-393,-7,-71,5.1,5,11.89,0.01,-0.026,0.965,+0.862,,154,,,,30.34,122.800,GPS1,,,,,,,,,ENR,,,,,Fail,,,,,,,,,,,,,,-13.2,18.1,-116,,,,040007FF N100 N100,138,,,1200,ALT,122,17,15,33.0,56,550,21.3,12.5,0,6,0.6,-13,27,,0.00,0.01,353,375,353,378,1005,1010,985,1000,0,9,,,101
2022-02-27,12:14:42,20:14:42,-08:00,+37.5095018,-122.4915038,56,3DDiff,72900.2,0.0,,0,0,-0.00,297.5,1.2,9,-393,-7,-38,2.0,3,11.89,0.04,0.104,1.029,+0.627,,154,,,,30.34,122.800,GPS1,,,,,,,,,ENR,,,,,Fail,,,,,,,,,,,,,,-13.2,18.1,-115,,,,040007FF N100 N100,243,,,1200,ALT,122,17,15,33.6,51,380,24.1,12.5,0,6,0.3,-13,27,,0.00,0.01,351,374,351,377,955,960,935,950,0,6,,,101
2022-02-27,12:14:43,20:14:43,-08:00,+37.5095018,-122.4915038,56,3DDiff,72901.2,0.0,,0,0,-0.00,297.4,1.2,9,-393,-8,-19,-0.0,0,11.73,-0.07,-0.042,0.972,+0.381,,154,,,,30.34,122.800,GPS1,,,,,,,,,ENR,,,,,Fail,,,,,,,,,,,,,,-13.2,18.2,-113,,,,040007FF N100 N100,65,,,1200,ALT,122,17,15,34.1,48,270,26.0,12.4,0,6,0.2,-13,27,,0.00,0.01,350,373,350,377,925,930,905,920,0,3,,,101
2022-02-27,12:14:44,20:14:44,-08:00,+37.5095018,-122.4915038,56,3DDiff,72902.2,0.0,,0,0,-0.00,297.4,1.2,9,-393,-8,-12,-0.0,0,11.78,-0.08,0.003,0.979,+0.271,,154,,,,30.34,122.800,GPS1,,,,,,,,,ENR,,,,,Fail,,,,,,,,,,,,,,-13.2,18.2,-111,,,,040007FF N100 N100,33,,,1200,ALT,122,17,15,34.8,45,210,27.7,12.4,0,6,0.1,-13,27,,0.00,0.01,349,372,349,376,895,905,875,895,0,2,,,101
